"CRS_DEP_TIME","DEP_TIME","Freq"
0,0,3
0,15,7
0,30,3
0,60,1
0,75,1
0,1440,5
15,0,101
15,15,830
15,30,172
15,45,63
15,60,26
15,75,18
15,90,17
15,105,10
15,120,4
15,135,7
15,150,2
15,165,2
15,180,2
15,195,1
15,225,1
15,1425,1
15,1440,10
30,0,1
30,15,308
30,30,1391
30,45,308
30,60,99
30,75,40
30,90,31
30,105,24
30,120,15
30,135,6
30,150,4
30,165,6
30,180,4
30,210,1
30,540,1
45,15,2
45,30,460
45,45,1152
45,60,194
45,75,83
45,90,47
45,105,28
45,120,19
45,135,10
45,150,3
45,165,4
45,180,2
45,195,3
45,255,1
45,285,1
45,330,1
45,375,1
60,45,1023
60,60,1833
60,75,182
60,90,65
60,105,42
60,120,32
60,135,11
60,150,16
60,165,10
60,180,3
60,195,6
60,210,4
60,225,1
60,255,1
60,270,1
60,360,1
60,540,1
75,45,5
75,60,451
75,75,385
75,90,85
75,105,19
75,120,23
75,135,14
75,150,3
75,165,8
75,180,4
75,195,2
75,210,1
75,225,1
75,255,3
75,270,1
75,300,1
90,75,203
90,90,411
90,105,91
90,120,20
90,135,11
90,150,8
90,165,4
90,180,2
90,210,2
90,225,1
90,255,1
90,330,1
105,75,1
105,90,310
105,105,613
105,120,164
105,135,61
105,150,24
105,165,14
105,180,12
105,195,6
105,210,4
105,225,4
105,240,5
105,255,1
105,270,1
105,285,2
105,315,1
105,330,1
105,420,1
120,90,2
120,105,209
120,120,201
120,135,35
120,150,7
120,165,8
120,180,4
120,195,6
120,210,1
120,225,1
120,240,1
120,270,3
120,300,1
120,315,1
120,345,1
120,585,1
135,120,35
135,135,27
135,150,5
135,165,5
135,180,1
135,195,1
135,210,2
135,225,1
135,285,1
135,300,1
135,315,1
135,465,1
150,135,105
150,150,119
150,165,10
150,180,7
150,195,3
150,210,1
150,225,1
150,255,1
150,285,1
150,1050,1
165,135,2
165,150,83
165,165,62
165,180,13
165,195,8
165,210,3
165,225,1
165,240,2
165,255,1
165,330,1
180,150,2
180,165,69
180,180,50
180,195,15
180,210,3
180,225,4
180,255,2
180,270,3
180,285,1
180,330,1
180,345,1
180,360,1
180,660,1
195,180,60
195,195,77
195,210,31
195,225,20
195,240,16
195,255,13
195,270,6
195,285,1
195,300,3
195,315,2
195,330,2
195,345,4
195,360,1
195,375,1
195,390,1
195,405,1
195,420,1
210,180,6
210,195,99
210,210,51
210,225,30
210,240,16
210,255,10
210,270,3
210,285,8
210,300,2
210,315,1
210,330,2
210,345,5
210,360,1
210,375,2
210,390,1
210,405,1
210,450,1
240,225,96
240,240,128
240,255,28
240,270,15
240,285,8
240,300,6
240,315,2
240,330,6
240,345,1
240,360,1
240,375,2
240,390,2
255,240,25
255,255,101
255,270,15
255,285,1
255,300,3
255,315,1
255,345,3
255,375,1
255,390,2
270,240,4
270,255,84
270,270,94
270,285,16
270,300,2
270,315,2
270,330,3
270,345,3
270,360,1
270,375,2
270,405,1
270,450,3
270,750,1
285,270,23
285,285,24
285,300,2
285,360,1
300,285,550
300,300,2488
300,315,105
300,330,34
300,345,21
300,360,9
300,375,9
300,390,2
300,405,4
300,435,2
300,450,4
300,465,1
300,480,2
300,495,1
300,525,1
300,585,1
300,645,1
300,660,2
315,285,6
315,300,791
315,315,3515
315,330,205
315,345,57
315,360,37
315,375,14
315,390,14
315,405,7
315,420,6
315,435,5
315,465,3
315,480,3
315,495,1
315,510,2
315,555,1
315,585,1
315,630,1
315,660,4
315,675,1
315,690,1
315,840,1
330,300,2
330,315,1961
330,330,10861
330,345,692
330,360,166
330,375,76
330,390,52
330,405,37
330,420,22
330,435,20
330,450,14
330,465,23
330,480,11
330,495,10
330,510,11
330,525,11
330,540,6
330,555,4
330,570,6
330,585,1
330,600,3
330,615,3
330,630,1
330,660,3
330,675,1
330,690,7
330,705,1
330,720,2
330,765,1
330,780,1
330,825,1
345,315,2
345,330,3211
345,345,19916
345,360,1387
345,375,329
345,390,134
345,405,112
345,420,100
345,435,60
345,450,50
345,465,44
345,480,39
345,495,33
345,510,25
345,525,17
345,540,14
345,555,11
345,570,9
345,585,11
345,600,7
345,615,8
345,630,10
345,645,7
345,660,11
345,675,4
345,690,6
345,705,6
345,720,6
345,735,3
345,750,1
345,765,4
345,780,2
345,795,1
345,810,3
345,825,2
345,840,1
345,855,1
345,870,3
345,885,1
345,915,1
345,930,1
345,945,1
345,990,1
345,1170,1
345,1260,1
345,1305,1
360,330,4
360,345,17652
360,360,126479
360,375,6986
360,390,1891
360,405,1011
360,420,665
360,435,454
360,450,354
360,465,292
360,480,207
360,495,186
360,510,167
360,525,114
360,540,109
360,555,86
360,570,77
360,585,56
360,600,59
360,615,51
360,630,51
360,645,37
360,660,42
360,675,21
360,690,23
360,705,30
360,720,38
360,735,19
360,750,10
360,765,16
360,780,18
360,795,18
360,810,13
360,825,9
360,840,12
360,855,8
360,870,6
360,885,9
360,900,8
360,915,3
360,930,6
360,945,5
360,960,4
360,975,7
360,990,3
360,1005,6
360,1020,7
360,1035,2
360,1050,3
360,1080,3
360,1095,3
360,1125,2
360,1140,1
360,1155,2
360,1170,1
360,1200,3
360,1260,3
360,1395,1
375,60,1
375,345,11
375,360,20845
375,375,61342
375,390,4316
375,405,1115
375,420,573
375,435,363
375,450,274
375,465,199
375,480,147
375,495,116
375,510,100
375,525,75
375,540,62
375,555,47
375,570,43
375,585,33
375,600,20
375,615,40
375,630,21
375,645,31
375,660,21
375,675,14
375,690,12
375,705,17
375,720,9
375,735,12
375,750,7
375,765,7
375,780,8
375,795,7
375,810,7
375,825,6
375,840,3
375,855,5
375,870,5
375,885,3
375,915,2
375,930,3
375,945,1
375,960,2
375,990,1
375,1005,1
375,1020,2
375,1035,1
375,1080,1
375,1095,1
375,1110,2
375,1125,1
375,1155,1
375,1185,1
375,1215,1
375,1260,2
375,1290,1
390,345,1
390,360,8
390,375,17595
390,390,71113
390,405,4617
390,420,1316
390,435,678
390,450,477
390,465,318
390,480,246
390,495,191
390,510,137
390,525,89
390,540,91
390,555,78
390,570,75
390,585,56
390,600,43
390,615,44
390,630,30
390,645,22
390,660,25
390,675,21
390,690,18
390,705,17
390,720,16
390,735,8
390,750,11
390,765,12
390,780,11
390,795,8
390,810,10
390,825,8
390,840,6
390,855,5
390,870,1
390,885,6
390,900,3
390,915,1
390,930,1
390,945,2
390,960,4
390,975,3
390,990,1
390,1005,3
390,1020,1
390,1035,3
390,1050,2
390,1065,5
390,1080,3
390,1095,1
390,1110,3
390,1125,1
390,1140,1
390,1185,1
390,1200,2
390,1260,2
390,1275,1
390,1335,1
405,60,1
405,375,10
405,390,15269
405,405,52140
405,420,4464
405,435,1180
405,450,616
405,465,373
405,480,254
405,495,182
405,510,142
405,525,114
405,540,81
405,555,73
405,570,58
405,585,47
405,600,33
405,615,36
405,630,31
405,645,18
405,660,23
405,675,18
405,690,16
405,705,9
405,720,16
405,735,4
405,750,10
405,765,10
405,780,6
405,795,5
405,810,4
405,825,7
405,840,8
405,855,7
405,870,2
405,885,4
405,900,3
405,915,1
405,930,3
405,960,2
405,975,1
405,990,2
405,1035,1
405,1050,2
405,1065,2
405,1080,2
405,1125,2
405,1275,1
405,1290,1
405,1350,2
420,390,4
420,405,20243
420,420,94679
420,435,6453
420,450,2006
420,465,1130
420,480,707
420,495,533
420,510,356
420,525,259
420,540,177
420,555,155
420,570,112
420,585,91
420,600,95
420,615,68
420,630,55
420,645,42
420,660,40
420,675,16
420,690,34
420,705,27
420,720,20
420,735,17
420,750,13
420,765,15
420,780,12
420,795,12
420,810,11
420,825,15
420,840,5
420,855,4
420,870,5
420,885,9
420,900,2
420,915,5
420,930,5
420,945,2
420,960,4
420,975,2
420,990,3
420,1005,2
420,1020,3
420,1035,3
420,1065,1
420,1080,6
420,1095,1
420,1125,1
420,1170,3
420,1185,2
420,1230,1
420,1260,1
420,1305,1
420,1395,1
420,1410,1
420,1440,1
435,390,1
435,405,12
435,420,19458
435,435,55358
435,450,4965
435,465,1476
435,480,868
435,495,527
435,510,350
435,525,269
435,540,188
435,555,151
435,570,100
435,585,83
435,600,66
435,615,45
435,630,40
435,645,34
435,660,34
435,675,37
435,690,22
435,705,18
435,720,28
435,735,13
435,750,10
435,765,6
435,780,15
435,795,9
435,810,11
435,825,3
435,840,3
435,855,3
435,870,4
435,885,4
435,900,3
435,915,1
435,930,3
435,945,1
435,960,1
435,1005,2
435,1020,3
435,1035,2
435,1050,2
435,1080,1
435,1095,2
435,1110,1
435,1140,1
435,1185,2
435,1245,2
435,1290,1
435,1365,1
450,420,5
450,435,18674
450,450,70226
450,465,6240
450,480,2099
450,495,1102
450,510,768
450,525,546
450,540,354
450,555,248
450,570,187
450,585,175
450,600,126
450,615,79
450,630,56
450,645,54
450,660,53
450,675,29
450,690,34
450,705,24
450,720,24
450,735,10
450,750,15
450,765,17
450,780,15
450,795,7
450,810,8
450,825,4
450,840,4
450,855,7
450,870,9
450,885,5
450,900,4
450,915,1
450,930,3
450,945,4
450,960,1
450,975,5
450,1005,1
450,1035,2
450,1050,2
450,1095,1
450,1125,2
450,1140,3
450,1185,1
450,1200,2
450,1230,1
450,1260,2
465,435,13
465,450,16108
465,465,54973
465,480,6482
465,495,1912
465,510,1004
465,525,627
465,540,439
465,555,312
465,570,225
465,585,162
465,600,119
465,615,92
465,630,78
465,645,61
465,660,61
465,675,43
465,690,30
465,705,28
465,720,26
465,735,10
465,750,13
465,765,18
465,780,12
465,795,7
465,810,8
465,825,7
465,840,10
465,855,2
465,870,4
465,885,7
465,900,5
465,915,4
465,930,5
465,945,3
465,975,2
465,990,2
465,1005,1
465,1020,3
465,1035,2
465,1080,2
465,1125,1
465,1155,2
465,1170,1
465,1185,2
465,1200,1
465,1215,1
465,1305,1
480,390,1
480,435,1
480,450,19
480,465,19296
480,480,68456
480,495,7102
480,510,2431
480,525,1325
480,540,894
480,555,618
480,570,406
480,585,306
480,600,199
480,615,147
480,630,129
480,645,117
480,660,68
480,675,69
480,690,53
480,705,33
480,720,31
480,735,30
480,750,27
480,765,21
480,780,16
480,795,12
480,810,15
480,825,9
480,840,8
480,855,9
480,870,11
480,885,5
480,900,6
480,915,10
480,930,6
480,945,7
480,960,5
480,975,4
480,990,4
480,1005,1
480,1020,2
480,1035,2
480,1050,6
480,1065,1
480,1080,1
480,1095,1
480,1110,5
480,1125,2
480,1140,1
480,1155,1
480,1185,1
480,1215,1
480,1245,2
480,1260,1
480,1320,1
480,1335,1
480,1410,1
495,15,1
495,30,1
495,420,1
495,450,1
495,465,21
495,480,17710
495,495,60087
495,510,7315
495,525,2268
495,540,1227
495,555,807
495,570,530
495,585,386
495,600,306
495,615,236
495,630,166
495,645,135
495,660,109
495,675,90
495,690,76
495,705,47
495,720,41
495,735,36
495,750,20
495,765,16
495,780,18
495,795,13
495,810,10
495,825,11
495,840,13
495,855,9
495,870,5
495,885,5
495,900,5
495,915,5
495,930,4
495,945,4
495,960,2
495,975,3
495,990,1
495,1005,2
495,1020,3
495,1035,1
495,1050,2
495,1065,2
495,1080,1
495,1110,1
495,1125,1
495,1155,1
495,1185,1
495,1200,1
495,1215,1
495,1230,1
495,1260,1
495,1410,1
510,480,22
510,495,19343
510,510,75132
510,525,8711
510,540,2858
510,555,1609
510,570,1087
510,585,700
510,600,508
510,615,373
510,630,261
510,645,178
510,660,130
510,675,101
510,690,92
510,705,76
510,720,61
510,735,39
510,750,41
510,765,25
510,780,24
510,795,25
510,810,18
510,825,16
510,840,17
510,855,9
510,870,9
510,885,9
510,900,8
510,915,7
510,930,3
510,945,4
510,960,2
510,975,4
510,990,6
510,1005,1
510,1020,1
510,1050,2
510,1065,2
510,1080,2
510,1095,1
510,1125,1
510,1140,1
510,1155,1
510,1170,1
510,1200,1
510,1245,1
510,1260,1
510,1290,1
510,1320,1
510,1440,1
525,495,15
525,510,18529
525,525,66957
525,540,8673
525,555,2719
525,570,1468
525,585,919
525,600,690
525,615,488
525,630,305
525,645,221
525,660,158
525,675,137
525,690,115
525,705,79
525,720,58
525,735,48
525,750,38
525,765,30
525,780,24
525,795,24
525,810,16
525,825,11
525,840,15
525,855,6
525,870,6
525,885,6
525,900,8
525,915,7
525,930,6
525,945,3
525,960,2
525,975,2
525,990,2
525,1005,1
525,1020,1
525,1035,2
525,1050,3
525,1065,1
525,1080,2
525,1095,1
525,1110,1
525,1140,2
525,1200,2
525,1230,1
525,1245,1
525,1350,1
525,1425,2
525,1440,1
540,510,36
540,525,18335
540,540,70656
540,555,8600
540,570,2991
540,585,1602
540,600,1040
540,615,714
540,630,480
540,645,355
540,660,275
540,675,204
540,690,150
540,705,120
540,720,101
540,735,68
540,750,63
540,765,45
540,780,41
540,795,35
540,810,26
540,825,22
540,840,15
540,855,20
540,870,9
540,885,17
540,900,12
540,915,10
540,930,4
540,945,3
540,960,7
540,975,4
540,990,3
540,1005,2
540,1020,3
540,1035,3
540,1050,3
540,1065,1
540,1080,3
540,1110,2
540,1125,2
540,1170,3
540,1185,3
540,1200,1
540,1215,1
540,1260,1
540,1290,1
540,1305,1
540,1320,1
540,1410,1
555,30,2
555,60,1
555,105,1
555,255,1
555,330,1
555,405,1
555,435,1
555,525,18
555,540,13789
555,555,48273
555,570,7188
555,585,2392
555,600,1317
555,615,819
555,630,594
555,645,371
555,660,277
555,675,217
555,690,157
555,705,129
555,720,99
555,735,70
555,750,50
555,765,52
555,780,39
555,795,42
555,810,20
555,825,25
555,840,14
555,855,7
555,870,16
555,885,7
555,900,10
555,915,9
555,930,5
555,945,4
555,960,6
555,975,5
555,990,1
555,1005,4
555,1020,5
555,1035,2
555,1050,2
555,1065,4
555,1080,2
555,1095,1
555,1110,1
555,1140,2
555,1155,1
555,1260,1
555,1290,1
555,1335,1
570,105,1
570,120,1
570,540,16
570,555,14784
570,570,56109
570,585,8486
570,600,2994
570,615,1486
570,630,969
570,645,641
570,660,467
570,675,311
570,690,253
570,705,166
570,720,119
570,735,69
570,750,76
570,765,65
570,780,54
570,795,40
570,810,20
570,825,21
570,840,12
570,855,20
570,870,12
570,885,11
570,900,9
570,915,7
570,930,7
570,945,4
570,960,2
570,975,6
570,990,4
570,1005,1
570,1020,4
570,1035,3
570,1050,2
570,1065,1
570,1080,3
570,1095,2
570,1110,2
570,1125,2
570,1140,1
570,1155,2
570,1185,1
570,1200,1
570,1275,1
570,1305,1
570,1335,1
570,1350,1
570,1380,2
570,1395,1
585,30,1
585,555,45
585,570,15134
585,585,58846
585,600,9890
585,615,3203
585,630,1614
585,645,1078
585,660,701
585,675,497
585,690,352
585,705,230
585,720,173
585,735,131
585,750,102
585,765,60
585,780,56
585,795,49
585,810,46
585,825,22
585,840,21
585,855,14
585,870,17
585,885,18
585,900,19
585,915,10
585,930,10
585,945,4
585,960,7
585,975,2
585,990,2
585,1005,3
585,1020,3
585,1035,1
585,1050,3
585,1065,1
585,1080,2
585,1110,1
585,1140,2
585,1155,1
585,1170,2
585,1185,1
585,1215,1
585,1230,3
585,1245,1
585,1365,1
600,570,12
600,585,17757
600,600,67875
600,615,10780
600,630,3710
600,645,1966
600,660,1285
600,675,869
600,690,598
600,705,444
600,720,291
600,735,221
600,750,155
600,765,129
600,780,86
600,795,78
600,810,61
600,825,48
600,840,46
600,855,32
600,870,34
600,885,22
600,900,15
600,915,14
600,930,10
600,945,10
600,960,13
600,975,7
600,990,4
600,1005,5
600,1020,1
600,1035,6
600,1050,1
600,1065,3
600,1095,2
600,1125,2
600,1140,2
600,1170,2
600,1200,1
600,1215,1
600,1260,1
600,1290,1
615,585,47
615,600,20251
615,615,63003
615,630,11246
615,645,3844
615,660,2041
615,675,1284
615,690,814
615,705,591
615,720,418
615,735,308
615,750,199
615,765,170
615,780,139
615,795,97
615,810,64
615,825,63
615,840,51
615,855,36
615,870,22
615,885,24
615,900,21
615,915,13
615,930,22
615,945,6
615,960,9
615,975,9
615,990,7
615,1005,7
615,1020,3
615,1035,4
615,1050,5
615,1065,6
615,1080,4
615,1095,2
615,1110,4
615,1125,2
615,1140,2
615,1185,2
615,1200,2
615,1245,1
615,1275,1
615,1290,1
615,1335,2
615,1350,1
615,1380,2
630,30,1
630,105,1
630,120,1
630,585,1
630,600,26
630,615,16597
630,630,57412
630,645,10146
630,660,3450
630,675,1695
630,690,1214
630,705,723
630,720,556
630,735,388
630,750,311
630,765,208
630,780,174
630,795,109
630,810,93
630,825,83
630,840,58
630,855,50
630,870,38
630,885,40
630,900,22
630,915,20
630,930,16
630,945,15
630,960,7
630,975,6
630,990,4
630,1005,11
630,1020,4
630,1035,5
630,1050,4
630,1065,4
630,1080,3
630,1095,2
630,1110,3
630,1125,1
630,1140,2
630,1170,1
630,1185,3
630,1245,1
630,1260,1
630,1380,1
645,90,1
645,615,12
645,630,12464
645,645,51314
645,660,10439
645,675,3532
645,690,1727
645,705,1122
645,720,828
645,735,558
645,750,376
645,765,266
645,780,201
645,795,158
645,810,132
645,825,73
645,840,81
645,855,59
645,870,35
645,885,35
645,900,41
645,915,30
645,930,17
645,945,16
645,960,7
645,975,12
645,990,7
645,1005,3
645,1020,5
645,1035,3
645,1050,3
645,1065,3
645,1080,4
645,1095,1
645,1125,4
645,1155,1
645,1215,2
645,1245,2
645,1260,1
645,1275,1
645,1305,1
645,1320,1
660,450,1
660,630,21
660,645,16467
660,660,62629
660,675,10893
660,690,4029
660,705,2116
660,720,1305
660,735,870
660,750,608
660,765,432
660,780,304
660,795,237
660,810,180
660,825,138
660,840,97
660,855,70
660,870,66
660,885,36
660,900,45
660,915,23
660,930,20
660,945,20
660,960,17
660,975,16
660,990,9
660,1005,10
660,1020,4
660,1035,8
660,1050,7
660,1065,10
660,1080,3
660,1095,4
660,1110,6
660,1125,4
660,1140,4
660,1155,1
660,1170,1
660,1185,1
660,1200,4
660,1215,1
660,1245,2
660,1275,1
660,1290,2
660,1305,1
660,1395,2
660,1440,1
675,390,1
675,480,1
675,630,1
675,645,48
675,660,17314
675,675,62899
675,690,12258
675,705,4170
675,720,2172
675,735,1376
675,750,948
675,765,615
675,780,453
675,795,344
675,810,244
675,825,182
675,840,154
675,855,97
675,870,84
675,885,56
675,900,60
675,915,42
675,930,36
675,945,29
675,960,40
675,975,25
675,990,24
675,1005,14
675,1020,12
675,1035,6
675,1050,7
675,1065,8
675,1080,5
675,1095,7
675,1110,3
675,1125,1
675,1140,1
675,1155,2
675,1170,1
675,1185,1
675,1200,5
675,1245,1
675,1260,1
675,1275,1
675,1290,1
675,1335,1
675,1350,2
675,1380,1
690,645,1
690,660,27
690,675,16804
690,690,59886
690,705,11289
690,720,4013
690,735,2114
690,750,1277
690,765,965
690,780,671
690,795,492
690,810,332
690,825,272
690,840,183
690,855,149
690,870,93
690,885,69
690,900,69
690,915,60
690,930,45
690,945,35
690,960,21
690,975,14
690,990,16
690,1005,14
690,1020,14
690,1035,7
690,1050,10
690,1065,10
690,1080,4
690,1095,1
690,1110,3
690,1125,5
690,1140,3
690,1170,1
690,1185,1
690,1200,2
690,1215,1
690,1245,1
690,1290,3
690,1305,1
690,1320,1
690,1365,1
690,1425,1
705,60,1
705,360,1
705,645,1
705,660,1
705,675,58
705,690,14455
705,705,53169
705,720,11326
705,735,4025
705,750,2025
705,765,1341
705,780,939
705,795,621
705,810,428
705,825,317
705,840,253
705,855,165
705,870,109
705,885,109
705,900,91
705,915,72
705,930,53
705,945,29
705,960,45
705,975,16
705,990,9
705,1005,18
705,1020,19
705,1035,13
705,1050,9
705,1065,11
705,1080,9
705,1095,2
705,1110,9
705,1125,3
705,1140,2
705,1155,2
705,1170,3
705,1185,3
705,1200,5
705,1215,3
705,1230,2
705,1245,1
705,1260,2
705,1290,1
705,1305,1
705,1320,1
705,1335,1
720,15,1
720,60,1
720,480,1
720,675,3
720,690,63
720,705,17900
720,720,61788
720,735,12232
720,750,4581
720,765,2412
720,780,1495
720,795,1042
720,810,679
720,825,514
720,840,353
720,855,290
720,870,222
720,885,156
720,900,131
720,915,73
720,930,69
720,945,63
720,960,46
720,975,40
720,990,40
720,1005,31
720,1020,20
720,1035,21
720,1050,13
720,1065,14
720,1080,5
720,1095,8
720,1110,5
720,1125,5
720,1140,6
720,1155,2
720,1170,2
720,1185,6
720,1200,2
720,1215,2
720,1230,2
720,1275,5
720,1305,1
720,1335,1
720,1350,2
720,1365,1
735,0,1
735,15,1
735,405,1
735,705,36
735,720,17054
735,735,54681
735,750,11281
735,765,4119
735,780,2296
735,795,1466
735,810,1001
735,825,718
735,840,503
735,855,334
735,870,273
735,885,186
735,900,152
735,915,117
735,930,82
735,945,67
735,960,57
735,975,49
735,990,43
735,1005,25
735,1020,23
735,1035,14
735,1050,9
735,1065,8
735,1080,12
735,1095,10
735,1110,9
735,1125,6
735,1140,7
735,1155,5
735,1170,3
735,1215,3
735,1230,2
735,1260,1
735,1275,1
735,1290,1
735,1320,2
735,1335,2
735,1350,3
735,1380,2
750,525,1
750,540,1
750,600,1
750,705,2
750,720,24
750,735,15233
750,750,52220
750,765,10478
750,780,3953
750,795,2184
750,810,1410
750,825,959
750,840,664
750,855,485
750,870,354
750,885,273
750,900,224
750,915,149
750,930,115
750,945,98
750,960,68
750,975,61
750,990,45
750,1005,36
750,1020,27
750,1035,26
750,1050,17
750,1065,18
750,1080,20
750,1095,16
750,1110,8
750,1125,9
750,1140,6
750,1155,5
750,1170,4
750,1185,3
750,1200,3
750,1215,5
750,1230,2
750,1245,2
750,1260,3
750,1305,2
750,1320,1
750,1350,1
750,1395,1
750,1440,1
765,390,1
765,405,1
765,480,1
765,720,1
765,735,25
765,750,13862
765,765,48840
765,780,10722
765,795,4112
765,810,2198
765,825,1310
765,840,885
765,855,642
765,870,427
765,885,377
765,900,242
765,915,205
765,930,144
765,945,103
765,960,107
765,975,74
765,990,39
765,1005,41
765,1020,30
765,1035,28
765,1050,26
765,1065,11
765,1080,25
765,1095,20
765,1110,9
765,1125,8
765,1140,8
765,1155,5
765,1170,6
765,1185,4
765,1200,5
765,1215,4
765,1230,5
765,1245,3
765,1260,4
765,1290,1
765,1305,3
765,1320,1
765,1350,1
765,1380,3
780,540,1
780,720,1
780,735,1
780,750,14
780,765,14419
780,780,60247
780,795,13070
780,810,4764
780,825,2521
780,840,1616
780,855,1102
780,870,801
780,885,545
780,900,433
780,915,323
780,930,240
780,945,183
780,960,145
780,975,102
780,990,73
780,1005,72
780,1020,47
780,1035,48
780,1050,38
780,1065,29
780,1080,22
780,1095,17
780,1110,9
780,1125,12
780,1140,10
780,1155,8
780,1170,6
780,1185,7
780,1200,2
780,1215,4
780,1230,7
780,1245,1
780,1260,1
780,1305,1
780,1335,1
780,1350,2
780,1365,1
780,1395,2
795,15,1
795,60,1
795,75,1
795,360,1
795,480,2
795,510,1
795,615,1
795,765,38
795,780,15860
795,795,53243
795,810,12076
795,825,4456
795,840,2397
795,855,1489
795,870,1044
795,885,747
795,900,512
795,915,405
795,930,282
795,945,203
795,960,160
795,975,135
795,990,109
795,1005,66
795,1020,70
795,1035,48
795,1050,45
795,1065,38
795,1080,24
795,1095,16
795,1110,16
795,1125,18
795,1140,16
795,1155,14
795,1170,4
795,1185,9
795,1200,8
795,1215,6
795,1245,4
795,1260,1
795,1275,2
795,1290,3
795,1305,4
795,1320,1
795,1335,1
795,1365,2
795,1380,2
795,1395,1
810,15,1
810,30,1
810,105,1
810,435,1
810,450,1
810,480,1
810,765,3
810,780,50
810,795,13447
810,810,50959
810,825,11348
810,840,4394
810,855,2321
810,870,1370
810,885,1017
810,900,748
810,915,468
810,930,347
810,945,307
810,960,223
810,975,185
810,990,131
810,1005,98
810,1020,65
810,1035,58
810,1050,38
810,1065,45
810,1080,31
810,1095,27
810,1110,14
810,1125,14
810,1140,9
810,1155,7
810,1170,5
810,1185,9
810,1200,8
810,1215,7
810,1230,3
810,1245,5
810,1260,3
810,1275,4
810,1290,2
810,1305,3
810,1410,2
810,1425,1
825,390,1
825,435,1
825,780,1
825,795,34
825,810,13950
825,825,57549
825,840,13371
825,855,5209
825,870,2719
825,885,1852
825,900,1207
825,915,861
825,930,627
825,945,416
825,960,319
825,975,266
825,990,168
825,1005,151
825,1020,105
825,1035,90
825,1050,79
825,1065,53
825,1080,50
825,1095,38
825,1110,40
825,1125,25
825,1140,16
825,1155,19
825,1170,16
825,1185,10
825,1200,12
825,1215,6
825,1230,5
825,1245,6
825,1260,3
825,1275,1
825,1290,2
825,1320,1
825,1350,2
825,1365,1
825,1425,2
840,405,1
840,435,1
840,480,1
840,810,12
840,825,15226
840,840,53058
840,855,12791
840,870,5201
840,885,2893
840,900,1849
840,915,1248
840,930,836
840,945,620
840,960,470
840,975,317
840,990,253
840,1005,210
840,1020,152
840,1035,120
840,1050,81
840,1065,72
840,1080,73
840,1095,56
840,1110,38
840,1125,31
840,1140,21
840,1155,28
840,1170,16
840,1185,10
840,1200,7
840,1215,15
840,1230,6
840,1245,6
840,1260,3
840,1290,2
840,1305,4
840,1320,2
840,1335,2
840,1365,2
840,1380,2
840,1395,3
840,1440,1
855,405,1
855,435,2
855,480,1
855,810,1
855,825,25
855,840,11507
855,855,44804
855,870,12175
855,885,4783
855,900,2473
855,915,1624
855,930,1043
855,945,709
855,960,516
855,975,398
855,990,332
855,1005,209
855,1020,156
855,1035,138
855,1050,104
855,1065,98
855,1080,67
855,1095,56
855,1110,44
855,1125,30
855,1140,25
855,1155,16
855,1170,17
855,1185,26
855,1200,10
855,1215,9
855,1230,5
855,1245,5
855,1260,10
855,1275,3
855,1290,1
855,1305,3
855,1320,1
855,1335,3
855,1365,2
855,1380,2
855,1410,1
855,1440,1
870,0,2
870,390,1
870,435,2
870,450,1
870,540,1
870,690,1
870,840,24
870,855,12566
870,870,53864
870,885,13171
870,900,5314
870,915,2712
870,930,1713
870,945,1154
870,960,862
870,975,679
870,990,442
870,1005,351
870,1020,270
870,1035,184
870,1050,185
870,1065,132
870,1080,105
870,1095,89
870,1110,64
870,1125,51
870,1140,45
870,1155,30
870,1170,33
870,1185,23
870,1200,16
870,1215,20
870,1230,10
870,1245,12
870,1260,11
870,1275,5
870,1290,8
870,1305,3
870,1320,4
870,1335,4
870,1350,2
870,1365,1
870,1380,2
885,15,1
885,30,1
885,405,1
885,450,1
885,465,1
885,480,1
885,495,1
885,825,1
885,855,16
885,870,13661
885,885,50404
885,900,13046
885,915,5091
885,930,2677
885,945,1634
885,960,1198
885,975,792
885,990,592
885,1005,458
885,1020,349
885,1035,273
885,1050,202
885,1065,147
885,1080,120
885,1095,107
885,1110,75
885,1125,69
885,1140,41
885,1155,32
885,1170,34
885,1185,22
885,1200,30
885,1215,11
885,1230,12
885,1245,17
885,1260,10
885,1275,5
885,1290,4
885,1305,9
885,1320,4
885,1335,5
885,1350,3
885,1365,1
885,1380,1
885,1395,2
885,1425,1
885,1440,1
900,45,1
900,60,1
900,180,1
900,420,1
900,480,1
900,870,30
900,885,16220
900,900,60069
900,915,14359
900,930,5847
900,945,3230
900,960,1998
900,975,1339
900,990,964
900,1005,701
900,1020,516
900,1035,378
900,1050,310
900,1065,243
900,1080,196
900,1095,117
900,1110,109
900,1125,110
900,1140,77
900,1155,59
900,1170,42
900,1185,38
900,1200,26
900,1215,45
900,1230,20
900,1245,7
900,1260,10
900,1275,7
900,1290,10
900,1305,10
900,1320,2
900,1335,2
900,1350,4
900,1365,1
900,1380,3
900,1395,2
900,1410,2
900,1425,1
915,30,1
915,60,1
915,495,1
915,885,38
915,900,14816
915,915,51140
915,930,12996
915,945,5230
915,960,2858
915,975,1843
915,990,1222
915,1005,910
915,1020,654
915,1035,443
915,1050,376
915,1065,265
915,1080,244
915,1095,160
915,1110,114
915,1125,125
915,1140,71
915,1155,60
915,1170,53
915,1185,46
915,1200,34
915,1215,21
915,1230,20
915,1245,20
915,1260,7
915,1275,10
915,1290,10
915,1305,7
915,1320,3
915,1335,6
915,1350,6
915,1365,4
915,1380,4
915,1395,2
930,15,1
930,435,2
930,900,24
930,915,11744
930,930,50253
930,945,13374
930,960,5559
930,975,3028
930,990,1891
930,1005,1217
930,1020,893
930,1035,650
930,1050,507
930,1065,372
930,1080,267
930,1095,220
930,1110,187
930,1125,120
930,1140,120
930,1155,87
930,1170,74
930,1185,47
930,1200,52
930,1215,49
930,1230,20
930,1245,19
930,1260,14
930,1275,17
930,1290,7
930,1305,5
930,1320,16
930,1335,11
930,1350,8
930,1365,5
930,1380,3
930,1395,2
930,1410,2
930,1425,3
945,30,2
945,90,1
945,300,1
945,405,1
945,420,2
945,435,1
945,570,1
945,915,11
945,930,11164
945,945,43335
945,960,11780
945,975,4669
945,990,2534
945,1005,1595
945,1020,1084
945,1035,781
945,1050,583
945,1065,387
945,1080,311
945,1095,237
945,1110,187
945,1125,145
945,1140,112
945,1155,83
945,1170,83
945,1185,46
945,1200,37
945,1215,47
945,1230,32
945,1245,14
945,1260,17
945,1275,21
945,1290,8
945,1305,7
945,1320,8
945,1335,15
945,1350,7
945,1365,3
945,1380,3
945,1395,2
945,1425,6
945,1440,2
960,390,1
960,495,1
960,510,1
960,555,1
960,645,1
960,930,12
960,945,11047
960,960,47453
960,975,12294
960,990,5369
960,1005,2994
960,1020,1935
960,1035,1257
960,1050,987
960,1065,738
960,1080,500
960,1095,393
960,1110,265
960,1125,218
960,1140,197
960,1155,133
960,1170,121
960,1185,97
960,1200,83
960,1215,65
960,1230,44
960,1245,37
960,1260,31
960,1275,24
960,1290,12
960,1305,20
960,1320,9
960,1335,9
960,1350,6
960,1365,8
960,1380,6
960,1395,2
960,1410,5
960,1425,4
960,1440,2
975,0,1
975,15,1
975,60,1
975,180,1
975,390,2
975,405,2
975,420,2
975,480,3
975,510,1
975,525,1
975,690,1
975,750,1
975,930,1
975,945,28
975,960,14385
975,975,47152
975,990,12926
975,1005,5429
975,1020,3056
975,1035,1892
975,1050,1320
975,1065,921
975,1080,698
975,1095,571
975,1110,413
975,1125,307
975,1140,246
975,1155,182
975,1170,137
975,1185,110
975,1200,92
975,1215,63
975,1230,59
975,1245,43
975,1260,31
975,1275,19
975,1290,24
975,1305,13
975,1320,16
975,1335,4
975,1350,8
975,1365,9
975,1380,1
975,1395,3
975,1410,1
975,1425,4
990,15,4
990,45,3
990,60,1
990,75,1
990,135,1
990,450,1
990,465,1
990,480,1
990,525,1
990,555,1
990,750,1
990,945,1
990,960,32
990,975,13379
990,990,54380
990,1005,14064
990,1020,5835
990,1035,3237
990,1050,2117
990,1065,1463
990,1080,1111
990,1095,737
990,1110,553
990,1125,464
990,1140,376
990,1155,284
990,1170,216
990,1185,152
990,1200,140
990,1215,94
990,1230,82
990,1245,69
990,1260,61
990,1275,40
990,1290,30
990,1305,32
990,1320,19
990,1335,21
990,1350,14
990,1365,10
990,1380,6
990,1395,7
990,1410,3
990,1425,3
990,1440,1
1005,0,2
1005,30,2
1005,45,2
1005,60,1
1005,75,2
1005,420,2
1005,450,1
1005,510,1
1005,540,1
1005,630,1
1005,960,2
1005,975,41
1005,990,11907
1005,1005,47297
1005,1020,12742
1005,1035,5511
1005,1050,3063
1005,1065,1963
1005,1080,1362
1005,1095,961
1005,1110,777
1005,1125,549
1005,1140,448
1005,1155,367
1005,1170,256
1005,1185,184
1005,1200,163
1005,1215,115
1005,1230,100
1005,1245,57
1005,1260,58
1005,1275,52
1005,1290,37
1005,1305,35
1005,1320,14
1005,1335,17
1005,1350,18
1005,1365,15
1005,1380,8
1005,1395,6
1005,1410,6
1005,1425,3
1005,1440,2
1020,0,2
1020,15,2
1020,30,3
1020,45,2
1020,60,2
1020,75,2
1020,90,1
1020,105,1
1020,135,1
1020,150,1
1020,180,2
1020,375,2
1020,435,1
1020,450,3
1020,480,2
1020,510,1
1020,720,1
1020,735,1
1020,990,113
1020,1005,15706
1020,1020,57691
1020,1035,15670
1020,1050,6978
1020,1065,3935
1020,1080,2445
1020,1095,1732
1020,1110,1288
1020,1125,913
1020,1140,718
1020,1155,548
1020,1170,479
1020,1185,331
1020,1200,289
1020,1215,221
1020,1230,179
1020,1245,122
1020,1260,100
1020,1275,93
1020,1290,57
1020,1305,35
1020,1320,34
1020,1335,37
1020,1350,31
1020,1365,22
1020,1380,26
1020,1395,8
1020,1410,5
1020,1425,8
1020,1440,2
1035,0,3
1035,15,6
1035,30,1
1035,45,4
1035,75,4
1035,90,1
1035,105,1
1035,270,1
1035,390,1
1035,420,2
1035,450,1
1035,480,2
1035,540,1
1035,555,1
1035,570,1
1035,1005,46
1035,1020,14395
1035,1035,46083
1035,1050,12997
1035,1065,5622
1035,1080,3266
1035,1095,2036
1035,1110,1436
1035,1125,1068
1035,1140,829
1035,1155,566
1035,1170,467
1035,1185,371
1035,1200,306
1035,1215,225
1035,1230,179
1035,1245,128
1035,1260,101
1035,1275,69
1035,1290,73
1035,1305,64
1035,1320,42
1035,1335,32
1035,1350,24
1035,1365,20
1035,1380,17
1035,1395,11
1035,1410,13
1035,1425,10
1035,1440,3
1050,0,3
1050,15,6
1050,30,1
1050,45,3
1050,60,2
1050,75,4
1050,90,1
1050,105,1
1050,120,2
1050,390,2
1050,420,1
1050,450,1
1050,465,1
1050,480,2
1050,645,1
1050,720,1
1050,1020,38
1050,1035,14126
1050,1050,54875
1050,1065,15118
1050,1080,6613
1050,1095,3878
1050,1110,2506
1050,1125,1704
1050,1140,1333
1050,1155,907
1050,1170,748
1050,1185,541
1050,1200,456
1050,1215,343
1050,1230,251
1050,1245,214
1050,1260,147
1050,1275,133
1050,1290,87
1050,1305,86
1050,1320,61
1050,1335,49
1050,1350,28
1050,1365,31
1050,1380,20
1050,1395,13
1050,1410,14
1050,1425,9
1050,1440,3
1065,0,1
1065,15,3
1065,30,3
1065,45,5
1065,75,1
1065,90,2
1065,375,1
1065,405,1
1065,450,1
1065,480,1
1065,525,1
1065,615,1
1065,660,1
1065,795,1
1065,1005,1
1065,1020,1
1065,1035,51
1065,1050,14370
1065,1065,48593
1065,1080,13311
1065,1095,5682
1065,1110,3313
1065,1125,2168
1065,1140,1453
1065,1155,1146
1065,1170,877
1065,1185,643
1065,1200,492
1065,1215,362
1065,1230,278
1065,1245,197
1065,1260,156
1065,1275,136
1065,1290,95
1065,1305,98
1065,1320,59
1065,1335,38
1065,1350,34
1065,1365,25
1065,1380,15
1065,1395,15
1065,1410,10
1065,1425,17
1065,1440,12
1080,0,6
1080,15,8
1080,30,7
1080,45,2
1080,60,4
1080,90,2
1080,105,2
1080,120,1
1080,150,1
1080,360,2
1080,390,2
1080,435,1
1080,465,3
1080,495,3
1080,510,2
1080,555,1
1080,585,1
1080,600,2
1080,615,1
1080,630,1
1080,705,1
1080,1050,67
1080,1065,15560
1080,1080,52699
1080,1095,14873
1080,1110,6789
1080,1125,3777
1080,1140,2425
1080,1155,1686
1080,1170,1258
1080,1185,920
1080,1200,781
1080,1215,565
1080,1230,460
1080,1245,345
1080,1260,240
1080,1275,228
1080,1290,182
1080,1305,120
1080,1320,98
1080,1335,80
1080,1350,49
1080,1365,46
1080,1380,30
1080,1395,20
1080,1410,20
1080,1425,14
1080,1440,10
1095,0,4
1095,15,7
1095,30,8
1095,45,9
1095,60,2
1095,75,3
1095,90,1
1095,105,1
1095,120,2
1095,135,1
1095,375,1
1095,435,1
1095,480,5
1095,495,2
1095,510,2
1095,555,1
1095,765,1
1095,810,1
1095,825,1
1095,1065,86
1095,1080,15513
1095,1095,44507
1095,1110,12432
1095,1125,5884
1095,1140,3398
1095,1155,2211
1095,1170,1625
1095,1185,1105
1095,1200,879
1095,1215,662
1095,1230,485
1095,1245,383
1095,1260,293
1095,1275,231
1095,1290,174
1095,1305,135
1095,1320,98
1095,1335,70
1095,1350,63
1095,1365,59
1095,1380,45
1095,1395,43
1095,1410,26
1095,1425,17
1095,1440,9
1110,0,6
1110,15,10
1110,30,8
1110,45,7
1110,60,4
1110,75,6
1110,90,1
1110,105,2
1110,120,1
1110,135,1
1110,210,1
1110,390,1
1110,405,1
1110,420,1
1110,435,2
1110,450,1
1110,465,3
1110,480,1
1110,495,1
1110,525,1
1110,540,2
1110,1050,1
1110,1065,15
1110,1080,113
1110,1095,11994
1110,1110,40359
1110,1125,10935
1110,1140,5279
1110,1155,3096
1110,1170,2116
1110,1185,1439
1110,1200,1127
1110,1215,771
1110,1230,640
1110,1245,479
1110,1260,401
1110,1275,309
1110,1290,225
1110,1305,179
1110,1320,131
1110,1335,117
1110,1350,96
1110,1365,56
1110,1380,53
1110,1395,25
1110,1410,30
1110,1425,15
1110,1440,10
1125,0,3
1125,15,14
1125,30,18
1125,45,5
1125,60,5
1125,75,4
1125,90,2
1125,120,2
1125,135,1
1125,450,1
1125,480,2
1125,540,1
1125,555,1
1125,600,1
1125,630,3
1125,675,1
1125,810,1
1125,1095,26
1125,1110,11071
1125,1125,36539
1125,1140,10222
1125,1155,4649
1125,1170,2800
1125,1185,1830
1125,1200,1306
1125,1215,928
1125,1230,675
1125,1245,530
1125,1260,422
1125,1275,348
1125,1290,231
1125,1305,223
1125,1320,136
1125,1335,115
1125,1350,97
1125,1365,63
1125,1380,52
1125,1395,33
1125,1410,33
1125,1425,24
1125,1440,7
1140,0,21
1140,15,22
1140,30,16
1140,45,3
1140,60,8
1140,75,4
1140,90,3
1140,105,1
1140,120,4
1140,135,1
1140,150,2
1140,165,1
1140,195,1
1140,210,2
1140,450,2
1140,465,1
1140,480,3
1140,540,1
1140,555,1
1140,630,1
1140,675,2
1140,990,1
1140,1095,1
1140,1110,33
1140,1125,14593
1140,1140,47714
1140,1155,13666
1140,1170,6615
1140,1185,3805
1140,1200,2510
1140,1215,1781
1140,1230,1340
1140,1245,967
1140,1260,741
1140,1275,556
1140,1290,424
1140,1305,327
1140,1320,250
1140,1335,226
1140,1350,143
1140,1365,115
1140,1380,84
1140,1395,79
1140,1410,50
1140,1425,28
1140,1440,19
1155,0,13
1155,15,28
1155,30,24
1155,45,13
1155,60,11
1155,75,6
1155,90,10
1155,105,3
1155,120,2
1155,135,2
1155,150,1
1155,180,2
1155,195,1
1155,240,1
1155,285,1
1155,390,1
1155,420,1
1155,435,1
1155,495,2
1155,540,1
1155,600,1
1155,615,1
1155,660,2
1155,675,1
1155,705,2
1155,780,1
1155,1125,69
1155,1140,14495
1155,1155,48223
1155,1170,13723
1155,1185,6434
1155,1200,3783
1155,1215,2414
1155,1230,1821
1155,1245,1268
1155,1260,1002
1155,1275,741
1155,1290,524
1155,1305,424
1155,1320,309
1155,1335,275
1155,1350,191
1155,1365,144
1155,1380,111
1155,1395,102
1155,1410,80
1155,1425,55
1155,1440,29
1170,0,21
1170,15,22
1170,30,19
1170,45,20
1170,60,12
1170,75,7
1170,90,9
1170,105,4
1170,120,2
1170,135,5
1170,150,1
1170,165,2
1170,195,1
1170,345,1
1170,360,2
1170,420,1
1170,435,1
1170,465,1
1170,480,1
1170,495,2
1170,540,1
1170,570,1
1170,600,1
1170,630,1
1170,1110,1
1170,1140,41
1170,1155,14255
1170,1170,47667
1170,1185,12195
1170,1200,6003
1170,1215,3606
1170,1230,2492
1170,1245,1704
1170,1260,1353
1170,1275,976
1170,1290,782
1170,1305,612
1170,1320,428
1170,1335,346
1170,1350,259
1170,1365,195
1170,1380,149
1170,1395,108
1170,1410,81
1170,1425,64
1170,1440,20
1185,0,25
1185,15,44
1185,30,31
1185,45,19
1185,60,22
1185,75,13
1185,90,9
1185,105,6
1185,120,7
1185,135,1
1185,150,3
1185,165,1
1185,180,4
1185,195,1
1185,240,1
1185,270,2
1185,435,1
1185,450,2
1185,585,2
1185,615,1
1185,630,2
1185,645,1
1185,660,1
1185,690,1
1185,825,1
1185,1125,1
1185,1140,6
1185,1155,54
1185,1170,11721
1185,1185,38897
1185,1200,10553
1185,1215,5178
1185,1230,3117
1185,1245,2072
1185,1260,1493
1185,1275,1100
1185,1290,831
1185,1305,661
1185,1320,461
1185,1335,394
1185,1350,315
1185,1365,227
1185,1380,160
1185,1395,126
1185,1410,105
1185,1425,53
1185,1440,25
1200,0,31
1200,15,69
1200,30,45
1200,45,24
1200,60,22
1200,75,21
1200,90,7
1200,105,9
1200,120,4
1200,135,1
1200,150,3
1200,165,3
1200,180,2
1200,210,1
1200,375,2
1200,390,1
1200,465,2
1200,510,1
1200,525,1
1200,540,1
1200,555,1
1200,570,2
1200,600,1
1200,735,1
1200,1155,1
1200,1170,109
1200,1185,13637
1200,1200,41213
1200,1215,10670
1200,1230,5515
1200,1245,3287
1200,1260,2188
1200,1275,1569
1200,1290,1108
1200,1305,862
1200,1320,655
1200,1335,481
1200,1350,371
1200,1365,262
1200,1380,218
1200,1395,194
1200,1410,121
1200,1425,103
1200,1440,42
1215,0,26
1215,15,39
1215,30,36
1215,45,30
1215,60,14
1215,75,10
1215,90,11
1215,105,2
1215,120,4
1215,135,6
1215,150,1
1215,180,1
1215,195,1
1215,435,1
1215,450,1
1215,480,1
1215,510,1
1215,525,1
1215,585,1
1215,750,1
1215,1170,1
1215,1185,73
1215,1200,10325
1215,1215,27610
1215,1230,7643
1215,1245,3929
1215,1260,2351
1215,1275,1561
1215,1290,1115
1215,1305,829
1215,1320,624
1215,1335,426
1215,1350,339
1215,1365,250
1215,1380,160
1215,1395,158
1215,1410,108
1215,1425,104
1215,1440,30
1230,0,37
1230,15,60
1230,30,40
1230,45,39
1230,60,20
1230,75,17
1230,90,9
1230,105,8
1230,120,7
1230,135,7
1230,150,3
1230,180,1
1230,195,1
1230,390,1
1230,420,2
1230,435,1
1230,450,1
1230,465,1
1230,480,3
1230,495,1
1230,510,1
1230,555,1
1230,570,1
1230,600,1
1230,1155,3
1230,1170,5
1230,1185,6
1230,1200,77
1230,1215,7528
1230,1230,26322
1230,1245,7183
1230,1260,3691
1230,1275,2342
1230,1290,1534
1230,1305,1154
1230,1320,812
1230,1335,603
1230,1350,484
1230,1365,298
1230,1380,216
1230,1395,175
1230,1410,161
1230,1425,105
1230,1440,40
1245,0,51
1245,15,77
1245,30,76
1245,45,46
1245,60,26
1245,75,19
1245,90,24
1245,105,8
1245,120,11
1245,135,5
1245,150,3
1245,165,2
1245,180,1
1245,195,2
1245,210,2
1245,225,1
1245,285,1
1245,420,1
1245,450,1
1245,540,1
1245,615,1
1245,750,1
1245,990,1
1245,1200,1
1245,1215,48
1245,1230,8243
1245,1245,27544
1245,1260,8636
1245,1275,4304
1245,1290,2456
1245,1305,1635
1245,1320,1135
1245,1335,770
1245,1350,624
1245,1365,491
1245,1380,349
1245,1395,269
1245,1410,188
1245,1425,168
1245,1440,66
1260,0,63
1260,15,120
1260,30,103
1260,45,72
1260,60,56
1260,75,36
1260,90,27
1260,105,15
1260,120,11
1260,135,7
1260,150,4
1260,165,4
1260,180,3
1260,195,4
1260,225,2
1260,255,1
1260,405,1
1260,510,1
1260,525,1
1260,540,1
1260,615,1
1260,720,1
1260,765,1
1260,780,1
1260,960,1
1260,1215,2
1260,1230,36
1260,1245,9869
1260,1260,30813
1260,1275,8236
1260,1290,4051
1260,1305,2441
1260,1320,1604
1260,1335,1134
1260,1350,868
1260,1365,637
1260,1380,486
1260,1395,339
1260,1410,284
1260,1425,198
1260,1440,94
1275,0,52
1275,15,105
1275,30,58
1275,45,57
1275,60,47
1275,75,41
1275,90,28
1275,105,14
1275,120,9
1275,135,4
1275,150,9
1275,165,1
1275,180,5
1275,195,2
1275,210,1
1275,765,1
1275,825,1
1275,1230,2
1275,1245,123
1275,1260,6699
1275,1275,22566
1275,1290,6316
1275,1305,2950
1275,1320,1774
1275,1335,1188
1275,1350,894
1275,1365,647
1275,1380,502
1275,1395,287
1275,1410,236
1275,1425,226
1275,1440,83
1290,0,59
1290,15,113
1290,30,82
1290,45,73
1290,60,42
1290,75,32
1290,90,29
1290,105,18
1290,120,14
1290,135,10
1290,150,6
1290,165,3
1290,180,4
1290,195,1
1290,225,1
1290,255,1
1290,270,1
1290,285,1
1290,300,1
1290,480,1
1290,495,1
1290,570,1
1290,795,1
1290,960,1
1290,1260,9
1290,1275,5234
1290,1290,20965
1290,1305,5617
1290,1320,2670
1290,1335,1508
1290,1350,1008
1290,1365,737
1290,1380,516
1290,1395,394
1290,1410,264
1290,1425,214
1290,1440,81
1305,0,65
1305,15,131
1305,30,121
1305,45,72
1305,60,55
1305,75,42
1305,90,23
1305,105,22
1305,120,17
1305,135,17
1305,150,4
1305,165,6
1305,180,2
1305,195,1
1305,225,4
1305,240,2
1305,255,1
1305,270,2
1305,315,1
1305,450,1
1305,465,1
1305,585,1
1305,1275,32
1305,1290,5456
1305,1305,20868
1305,1320,4673
1305,1335,2340
1305,1350,1281
1305,1365,869
1305,1380,621
1305,1395,464
1305,1410,364
1305,1425,257
1305,1440,122
1320,0,91
1320,15,172
1320,30,152
1320,45,99
1320,60,82
1320,75,48
1320,90,34
1320,105,32
1320,120,19
1320,135,14
1320,150,9
1320,165,8
1320,180,1
1320,195,2
1320,210,2
1320,225,2
1320,315,1
1320,360,2
1320,420,2
1320,495,1
1320,1260,1
1320,1275,1
1320,1290,18
1320,1305,6719
1320,1320,20426
1320,1335,4870
1320,1350,2212
1320,1365,1239
1320,1380,795
1320,1395,563
1320,1410,414
1320,1425,313
1320,1440,133
1335,0,109
1335,15,183
1335,30,140
1335,45,110
1335,60,75
1335,75,62
1335,90,37
1335,105,33
1335,120,23
1335,135,15
1335,150,8
1335,165,8
1335,180,5
1335,195,4
1335,210,8
1335,225,4
1335,240,1
1335,255,2
1335,405,1
1335,420,1
1335,450,1
1335,480,1
1335,510,1
1335,555,1
1335,630,1
1335,675,1
1335,750,1
1335,780,1
1335,855,1
1335,945,1
1335,1305,25
1335,1320,5612
1335,1335,17104
1335,1350,3986
1335,1365,1647
1335,1380,943
1335,1395,671
1335,1410,484
1335,1425,330
1335,1440,135
1350,0,83
1350,15,127
1350,30,120
1350,45,98
1350,60,74
1350,75,37
1350,90,40
1350,105,33
1350,120,10
1350,135,10
1350,150,12
1350,165,5
1350,180,5
1350,195,6
1350,210,2
1350,225,3
1350,255,2
1350,270,2
1350,285,1
1350,375,1
1350,420,1
1350,480,2
1350,495,1
1350,750,1
1350,1320,7
1350,1335,4280
1350,1350,12296
1350,1365,2264
1350,1380,1049
1350,1395,609
1350,1410,415
1350,1425,277
1350,1440,138
1365,0,118
1365,15,180
1365,30,119
1365,45,80
1365,60,61
1365,75,49
1365,90,40
1365,105,25
1365,120,20
1365,135,9
1365,150,7
1365,165,8
1365,180,4
1365,195,5
1365,210,2
1365,225,2
1365,240,2
1365,285,2
1365,330,1
1365,390,1
1365,420,2
1365,450,1
1365,465,1
1365,630,2
1365,645,2
1365,795,1
1365,1320,1
1365,1335,15
1365,1350,4059
1365,1365,10748
1365,1380,2142
1365,1395,903
1365,1410,569
1365,1425,398
1365,1440,183
1380,0,107
1380,15,139
1380,30,109
1380,45,117
1380,60,70
1380,75,42
1380,90,26
1380,105,22
1380,120,12
1380,135,17
1380,150,13
1380,165,9
1380,180,5
1380,195,3
1380,210,5
1380,225,2
1380,240,4
1380,255,2
1380,270,1
1380,285,1
1380,300,1
1380,315,1
1380,405,1
1380,450,1
1380,495,1
1380,600,1
1380,1350,6
1380,1365,3286
1380,1380,6910
1380,1395,1321
1380,1410,564
1380,1425,344
1380,1440,124
1395,0,88
1395,15,156
1395,30,113
1395,45,66
1395,60,50
1395,75,43
1395,90,31
1395,105,21
1395,120,10
1395,135,11
1395,150,10
1395,165,4
1395,180,4
1395,195,3
1395,210,3
1395,225,3
1395,240,1
1395,255,2
1395,270,1
1395,285,2
1395,615,1
1395,660,1
1395,930,1
1395,1365,10
1395,1380,1267
1395,1395,3745
1395,1410,747
1395,1425,385
1395,1440,136
1410,0,97
1410,15,180
1410,30,99
1410,45,61
1410,60,64
1410,75,28
1410,90,33
1410,105,13
1410,120,14
1410,135,8
1410,150,7
1410,165,7
1410,180,1
1410,195,5
1410,210,1
1410,225,2
1410,240,2
1410,300,1
1410,375,1
1410,1380,3
1410,1395,1215
1410,1410,3310
1410,1425,680
1410,1440,164
1425,0,272
1425,15,293
1425,30,147
1425,45,97
1425,60,64
1425,75,36
1425,90,26
1425,105,22
1425,120,10
1425,135,5
1425,150,8
1425,165,7
1425,180,10
1425,195,3
1425,210,3
1425,225,2
1425,240,3
1425,285,2
1425,315,1
1425,780,1
1425,1395,3
1425,1410,985
1425,1425,3779
1425,1440,520
1440,0,515
1440,15,513
1440,30,253
1440,45,146
1440,60,103
1440,75,60
1440,90,40
1440,105,45
1440,120,28
1440,135,23
1440,150,9
1440,165,10
1440,180,5
1440,195,3
1440,210,3
1440,225,1
1440,240,1
1440,255,2
1440,270,1
1440,525,1
1440,630,1
1440,915,1
1440,1410,6
1440,1425,1629
1440,1440,1927
