"Algorithm","x","y","NumLoss.G","NumLoss.SO","VisLoss.G","VisLoss.SO","TotalLoss.G","TotalLoss.SO","TotalLoss.LogFreq"
"Random",1,1,0,0,0,0,0,0,1.71243915121478e-05
"Random",2,1,0.000985286687697175,0,0.000599340325516587,0,0.00158462701321376,0,3.5735578466116e-05
"Random",3,1,0.00276090913525843,0,0.00156164423607086,0,0.00432255337132929,0,5.523198082061e-05
"Random",4,1,0.00574492336927078,0,0.00266090615106258,0,0.00840582952033335,0,7.50682042741086e-05
"Random",5,1,0.0076876330450598,0,0.00503331316266643,0,0.0127209462077262,0,9.5300562598464e-05
"Random",6,1,0.0113543479081329,0,0.00605523585439041,0,0.0174095837625233,0,0.000115721283262062
"Random",7,1,0.0157144969978598,0,0.0083775222828665,0,0.0240920192807263,0,0.000136437230764282
"Random",8,1,0.0201867657985967,0,0.0113092773426989,0,0.0314960431412956,0,0.000157499286021773
"Random",9,1,0.0258391653567518,0,0.0186982914031381,0,0.0445374567598899,0,0.000178138317419719
"Random",10,1,0.0313386830477117,0,0.0211769555727455,0,0.0525156386204572,0,0.000199547371069286
"Random",15,1,0.0583613933332766,0,0.0758799517403555,0,0.134241345073632,0,0.000309992809690554
"Random",20,1,0.0907680739523792,0,0.114768453352272,0,0.205536527304651,0,0.000427173305777352
"Random",1,2,0,0.000130912652732805,0,7.18738095459315e-05,0,0.000202786462278736,3.57010855780538e-05
"Random",2,2,0.00106436785846459,0.00015417745480783,0.000520259154749175,4.86090074709067e-05,0.00158462701321376,0.000202786462278736,7.46598895813375e-05
"Random",3,2,0.00314139114710927,0.000155422305684519,0.00103028187384,4.73641565942176e-05,0.00417167302094927,0.000202786462278736,0.000115200824826018
"Random",4,2,0.00574826827564733,0.000169233496892961,0.00184918603411338,3.35529653857748e-05,0.00759745430976071,0.000202786462278736,0.000155897252690295
"Random",5,2,0.00888636138942237,0.000168879134969135,0.00377363467676315,3.39073273096009e-05,0.0126599960661855,0.000202786462278736,0.000197977120951484
"Random",6,2,0.0127655128691355,0.000178258853762302,0.00527979236968413,2.45276085164341e-05,0.0180453052388196,0.000202786462278736,0.000240479187460529
"Random",7,2,0.0161860967208487,0.00018521666802379,0.00954919970929097,1.75697942549461e-05,0.0257352964301396,0.000202786462278736,0.000282760010232041
"Random",8,2,0.0219311641379236,0.000186288093572775,0.0113742165384169,1.64983687059612e-05,0.0333053806763406,0.000202786462278736,0.000326338407510347
"Random",9,2,0.0268156438862894,0.000180656621895643,0.0153095672717931,2.2129840383093e-05,0.0421252111580825,0.000202786462278736,0.000370243973499076
"Random",10,2,0.0325619820219951,0.000185437311441488,0.0200226567586968,1.7349150837248e-05,0.0525846387806919,0.000202786462278736,0.000413566254671255
"Random",15,2,0.0608584579391867,0.000187277961672427,0.049911332627919,1.55085006063092e-05,0.110769790567106,0.000202786462278736,0.000643743663244795
"Random",20,2,0.0955094312744874,0.000189701756909748,0.0968066653291828,1.30847053689884e-05,0.19231609660367,0.000202786462278736,0.000888470891685972
"Random",1,3,0,0.000385076477522154,0,0.000171485667560072,0,0.000556562145082226,5.51003101683131e-05
"Random",2,3,0.0011956593018919,0.000446121586987328,0.000388967711321861,0.000116700043503234,0.00158462701321376,0.000562821630490562,0.000114923309621905
"Random",3,3,0.00317127336549134,0.000453428771696255,0.000876199367035348,0.000106200521236055,0.00404747273252669,0.000559629292932311,0.000176532324414064
"Random",4,3,0.00563794152527961,0.000486118177457084,0.00178164570476482,6.13364163560127e-05,0.00741958723004443,0.000547454593813096,0.000239725306520992
"Random",5,3,0.00946653873040155,0.000477240877736187,0.00275070630761089,7.41884893112032e-05,0.0122172450380124,0.00055142936704739,0.000303777051207379
"Random",6,3,0.0136548351576291,0.000474342283168771,0.00566375303805611,5.11102194340229e-05,0.0193185881956852,0.000525452502602794,0.000368526925153033
"Random",7,3,0.0175742178154564,0.000490379417420387,0.00709793947915488,4.6747025468954e-05,0.0246721572946113,0.000537126442889341,0.000433560481793064
"Random",8,3,0.0228581160192671,0.000482184430503624,0.0145701008979454,4.36436412236699e-05,0.0374282169172125,0.000525828071727294,0.000499126445238314
"Random",9,3,0.0267163166126111,0.000514119726616569,0.0130049289628921,6.29109357509168e-05,0.0397212455755032,0.000577030662367485,0.000566509638742385
"Random",10,3,0.0329439475145529,0.000483554933645121,0.0164666838953398,4.35876300179238e-05,0.0494106314098927,0.000527142563663045,0.000633418191306952
"Random",15,3,0.0616961392616642,0.000498602734491916,0.0498096530146123,2.91031828578788e-05,0.111505792276277,0.000527705917349795,0.000985892501941665
"Random",20,3,0.0959515432884403,0.000489126341086979,0.0999464282998613,4.13963446965679e-05,0.195897971588302,0.000530522685783547,0.00136138974418691
"Random",1,4,0,0.00073157790249415,0,0.000256481869211741,0,0.000988059771705891,7.4960550421072e-05
"Random",2,4,0.00129399008530997,0.000787789706333444,0.000290636927903791,0.000166802683389209,0.00158462701321376,0.000954592389722653,0.000155901322766154
"Random",3,4,0.00344366986709112,0.000838081941721897,0.000738583178427484,0.000179606060916786,0.0041822530455186,0.00101768800263868,0.000239592406527981
"Random",4,4,0.00598128447183814,0.000849084663883119,0.00116352878678251,0.000166934142646675,0.00714481325862065,0.00101601880652979,0.000324152294641538
"Random",5,4,0.0092284538537893,0.000876587089157966,0.00290100764703558,0.000123323974921042,0.0121294615008249,0.000999911064079008,0.000410605125347227
"Random",6,4,0.0135679429999132,0.000886609442870363,0.00428232178597619,0.000127990546966874,0.0178502647858894,0.00101459998983724,0.00049848973584173
"Random",7,4,0.0173251451430359,0.000864735441961627,0.00688172107105894,8.58508770996906e-05,0.0242068662140949,0.000950586319061318,0.000586858462421882
"Random",8,4,0.0221946495303794,0.000967626559723556,0.0102324357730173,8.02738924860304e-05,0.0324270853033967,0.00104790045220959,0.000676549347163772
"Random",9,4,0.0287409366167967,0.000925246924496939,0.0126252727787034,0.000151780999812773,0.0413662093955001,0.00107702792430971,0.000768339214256756
"Random",10,4,0.0346251191644266,0.0009106079803638,0.0229397978483213,0.000112337990017886,0.0575649170127479,0.00102294597038169,0.000860315906932423
"Random",15,4,0.0631085430562338,0.000920550242268461,0.0557020661835634,6.22515616944274e-05,0.118810609239797,0.000982801803962889,0.00134145734700856
"Random",20,4,0.0913399576198288,0.000925028899669452,0.113448301280499,7.82205566273355e-05,0.204788258900328,0.00100324945629679,0.00185637475950555
"Random",1,5,0,0.00120299495941163,0,0.000393173819714138,0,0.00159616877912577,9.49816744537802e-05
"Random",2,5,0.00131459175251905,0.00133110260730779,0.000270035260694709,0.000348578139640863,0.00158462701321376,0.00167968074694865,0.000197493051598704
"Random",3,5,0.00338932233818326,0.00134300298453589,0.000611000284849676,0.000232040031336741,0.00400032262303293,0.00157504301587263,0.000302910201313526
"Random",4,5,0.00632515601214763,0.00137807203437074,0.00191323311934936,0.000203282629288633,0.00823838913149699,0.00158135466365937,0.000410237119031886
"Random",5,5,0.00955048000985683,0.00131341287777517,0.00273001517503748,0.000189646055901591,0.0122804951848943,0.00150305893367676,0.000520275218271029
"Random",6,5,0.0136337645392926,0.00141590997363486,0.0041659001290913,0.000205192422367451,0.0177996646683839,0.00162110239600231,0.000629222987027166
"Random",7,5,0.0187640126515678,0.00147323028631287,0.00807896635087397,0.000214744278801832,0.0268429790024417,0.0016879745651147,0.000742652726544543
"Random",8,5,0.0229343619344216,0.00137777939629711,0.00809922679961163,0.00017999787232419,0.0310335887340332,0.0015577772686213,0.000855499257757824
"Random",9,5,0.0284059269173519,0.00143108660668209,0.013900754662148,0.000178174929422776,0.0423066815794999,0.00160926153610487,0.000971221783330697
"Random",10,5,0.0340781120329317,0.00153037063320572,0.0163828551494236,0.000225884485238251,0.0504609671823552,0.00175625511844397,0.00108766950562007
"Random",15,5,0.0650446914728553,0.00153349838092173,0.0453984983358059,0.000133454745696644,0.110443189808661,0.00166695312661837,0.00169977672279874
"Random",20,5,0.0964501359845086,0.00147939806968839,0.0825289963142283,0.000154014647616978,0.178979132298737,0.00163341271730537,0.00235553299841701
"Random",1,10,0,0.00480481641289067,0,0.00169951919966843,0,0.0065043356125591,0.00019839842716648
"Random",2,10,0.00134974745539322,0.00511451109884686,0.000234879557820546,0.00159117129434705,0.00158462701321376,0.00670568239319392,0.000410202512007763
"Random",3,10,0.00349636087771752,0.00519165631243143,0.000693482185426902,0.00146269830041413,0.00418984306314442,0.00665435461284556,0.000628780854041007
"Random",4,10,0.00661916260546805,0.00513944295035108,0.00121258558171205,0.00121779475511211,0.0078317481871801,0.00635723770546319,0.000850547329057203
"Random",5,10,0.0101036003900834,0.00542427248808831,0.00193922757622445,0.00166970664993607,0.0120428279663079,0.00709397913802438,0.00108033901636017
"Random",6,10,0.0140436239867618,0.00528988529551536,0.00355088020519071,0.00110344877580257,0.0175945041919525,0.00639333407131793,0.0013128419016954
"Random",7,10,0.0187325243198525,0.00554943754402121,0.00498114408225317,0.00107111584761933,0.0237136684021057,0.00662055339164054,0.00154313254951804
"Random",8,10,0.0238602657521145,0.00547650762739873,0.00793017807284941,0.00138169756024498,0.0317904438249639,0.00685820518764371,0.00178171151571732
"Random",9,10,0.0273698110723603,0.00540028454592867,0.0111694617583214,0.00102789399416233,0.0385392728306817,0.006428178540091,0.00202508489496511
"Random",10,10,0.0343318994118021,0.00553043967232338,0.014172529893674,0.0011485355831283,0.0485044293054761,0.00667897525545168,0.00227123699005174
"Random",15,10,0.0658607954683469,0.0059008489528693,0.0516710108017659,0.000968414658995808,0.117531806270113,0.00686926361186511,0.00358131192651723
"Random",20,10,0.0981331156469422,0.00602294912502527,0.108136346693092,0.00102199737730048,0.206269462340034,0.00704494650232575,0.00502139642173919
"Random",1,20,0,0.0171263003966075,0,0.00886464789015705,0,0.0259909482867646,0.00041242359033505
"Random",2,20,0.00137424825206463,0.0177641635853994,0.00021037876114913,0.00761836271967489,0.00158462701321376,0.0253825263050743,0.000856696713515725
"Random",3,20,0.00370888753096385,0.0184656693313913,0.000491535556749909,0.00750608320012106,0.00420042308771375,0.0259717525315123,0.00131254713716376
"Random",4,20,0.00678043325540142,0.0182702053142114,0.00106480829644681,0.00718284452646349,0.00784524155184823,0.0254530498406749,0.00178109269921091
"Random",5,20,0.0101319801214185,0.0189174993169255,0.00187481442787791,0.00959518699134421,0.0120067945492964,0.0285126863082697,0.00226805740632268
"Random",6,20,0.0149434752037901,0.0185423560060177,0.00299510978719972,0.00759339504319302,0.0179385849909899,0.0261357510492107,0.00275656728515291
"Random",7,20,0.0200643799446358,0.0191396775980594,0.00504677170275797,0.00721849383266092,0.0251111516473938,0.0263581714307203,0.00325547100455593
"Random",8,20,0.0268878979737722,0.0196597930101555,0.00686031039758612,0.00999420613756753,0.0337482083713583,0.029653999147723,0.00377212611438332
"Random",9,20,0.0301878776838181,0.019073727526377,0.0105801003224465,0.00727734982088051,0.0407679780062647,0.0263510773472575,0.00430723860181716
"Random",10,20,0.0361816106900657,0.0193663813020755,0.0146887574430158,0.0074816991866039,0.0508703681330815,0.0268480804886794,0.00483429210510784
"Random",15,20,0.0691055584055862,0.0209971983579868,0.0363063697192899,0.00669007047443689,0.105411928124876,0.0276872688324237,0.00770392705816167
"Random",20,20,0.108278954235083,0.020834879036405,0.0882814188914722,0.00556043200773812,0.196560373126555,0.0263953110441431,0.0108819388523071
"Random",1,30,0,0.0337056821627577,0,0.0236371506887411,0,0.0573428328514988,0.000639713913446134
"Random",2,30,0.00143620890546494,0.0351222552278864,0.000148418107748822,0.0301331931282904,0.00158462701321376,0.0652554483561768,0.00132644228428556
"Random",3,30,0.00361107969255412,0.0361483212107194,0.000413852987629212,0.0213547544672328,0.00402493268018333,0.0575030756779522,0.00204066669246247
"Random",4,30,0.00682516908169019,0.0363322574962681,0.000918872235147054,0.0217147674636685,0.00774404131683724,0.0580470249599366,0.00277261595607878
"Random",5,30,0.0104847631504358,0.0369644213183805,0.00210776609240903,0.0180962031532389,0.0125925292428449,0.0550606244716194,0.00353123848003622
"Random",6,30,0.0143610966497562,0.0359980889227057,0.00285988667479205,0.0246885610339264,0.0172209833245483,0.0606866499566321,0.00431635097483423
"Random",7,30,0.0193675984252583,0.0369702735868456,0.00478935767293339,0.021005393239436,0.0241569560981917,0.0579756668262816,0.00511161991719096
"Random",8,30,0.0261916204876907,0.0390890912375283,0.00861765701438891,0.0189754602815517,0.0348092775020796,0.05806455151908,0.00592068326563796
"Random",9,30,0.0304636762481925,0.0389060169782792,0.0081073366561972,0.0203246766723739,0.0385710129043897,0.059230693650653,0.0067667354166322
"Random",10,30,0.0372803008973345,0.0381176070047822,0.0124431312389558,0.0181248083119311,0.0497234321362903,0.0562424153167133,0.0076415271238552
"Random",15,30,0.0758222268593077,0.0402636805202416,0.0428446320466671,0.0170140536830105,0.118666858905975,0.0572777342032521,0.012259944020256
"Random",20,30,0.109209729918568,0.0408011048305746,0.0765590181472699,0.0169022743804444,0.185768748065838,0.057703379211019,0.0177429072986847
"Random",1,40,0,0.0551562866072743,0,0.0472613093191681,0,0.102417595926442,0.00087254948473964
"Random",2,40,0.0014782919646631,0.0542864087281676,0.000106335048550661,0.0372605475391306,0.00158462701321376,0.0915469562672983,0.00182051768244962
"Random",3,40,0.00361892597948116,0.0566765689038113,0.000451086805388889,0.0424477030997917,0.00407001278487005,0.099124272003603,0.00281554098508508
"Random",4,40,0.00639866905584688,0.0562322718680025,0.00119939858867148,0.0489995886980279,0.00759806764451836,0.10523186056603,0.00383490513068314
"Random",5,40,0.0106160212107652,0.0589083380296761,0.00162269054376468,0.0387478759961585,0.0122387117545299,0.0976562140258345,0.0048705199751204
"Random",6,40,0.0153967852305279,0.0592112646132692,0.00285552048899605,0.0441936608115815,0.0182523057195239,0.103404925424851,0.00597784613036887
"Random",7,40,0.0201555679667462,0.0593887591133881,0.00465343964566404,0.0430405211858165,0.0248090076124102,0.102429280299205,0.00711424264912241
"Random",8,40,0.0252340610122875,0.0592549488504025,0.0052990465595096,0.0406780486679576,0.0305331075717971,0.0999329975183601,0.00825249972033651
"Random",9,40,0.0313121052762329,0.0577904324034277,0.00902945173978086,0.0410317151044663,0.0403415570160138,0.098822147507894,0.00947703218560168
"Random",10,40,0.0377607272210552,0.0627402553240965,0.0110289027467246,0.039857613782106,0.0487896299677798,0.102597869106202,0.0106742748910392
"Random",15,40,0.0742938800766874,0.0609695928058871,0.0350579571975939,0.0338314612756916,0.109351837274281,0.0948010540815787,0.0174129406647188
"Random",20,40,0.120555842975344,0.0655482139835962,0.0744374598454352,0.0330193811176921,0.194993302820779,0.0985675951012883,0.0252349036889678
"Random",1,50,0,0.0784558188162027,0,0.07944105683092,0,0.157896875647123,0.00112247853175395
"Random",2,50,0.00147428746025685,0.0792365670672245,0.000110339552956909,0.0633391747954269,0.00158462701321376,0.142575741862651,0.00234309662166773
"Random",3,50,0.00394840030772076,0.0795570116395405,0.000402903130373019,0.0685364666105594,0.00435130343809378,0.1480934782501,0.00363486936263956
"Random",4,50,0.00750263648925853,0.0810525359845999,0.000902579696317177,0.0727339442443819,0.00840521618557571,0.153786480228982,0.00495588675616475
"Random",5,50,0.0109329178541807,0.0795889623747155,0.00206096232069642,0.0734223849112006,0.0129938801748771,0.153011347285916,0.00636143510234026
"Random",6,50,0.0160154995215829,0.0816256101095426,0.00395537018885492,0.062554646512779,0.0199708697104378,0.144180256622322,0.00781113942727499
"Random",7,50,0.0206709862698777,0.0845215171050712,0.00491404314463955,0.0714536965216921,0.0255850294145173,0.155975213626763,0.00926021642303044
"Random",8,50,0.0276140638297131,0.0822436672272728,0.00793489539008328,0.0656787184216659,0.0355489592197963,0.147922385648939,0.010812774506738
"Random",9,50,0.0332242781155415,0.0841358026396418,0.00928595393665096,0.0691144483393592,0.0425102320521925,0.153250250979001,0.012346765044822
"Random",10,50,0.0415891245803386,0.0857549486461679,0.0137723873155792,0.0696214408765313,0.0553615118959177,0.155376389522699,0.0139885154425051
"Random",15,50,0.0728764606328317,0.0901417295773259,0.0316430654196747,0.0625660326662859,0.104519526052506,0.152707762243612,0.0231180061507383
"Random",20,50,0.12347588248496,0.0948418821708806,0.0757432968159748,0.0563844685260916,0.199219179300935,0.151226350696972,0.0338226918527006
"Random",1,60,0,0.101847370780891,0,0.134620026258264,0,0.236467397039156,0.00138029704500333
"Random",2,60,0.0014190353555335,0.103235154625958,0.000165591657680266,0.104620134611692,0.00158462701321376,0.20785528923765,0.00291182967236356
"Random",3,60,0.00384244699890478,0.101261918445272,0.000689406858469973,0.107897847551476,0.00453185385737475,0.209159765996748,0.00451135563291307
"Random",4,60,0.00709959410072723,0.105799842097148,0.000827220973887434,0.109485456320197,0.00792681507461467,0.215285298417346,0.00618452631012187
"Random",5,60,0.0102492515767649,0.104643320173808,0.00147502564979251,0.10857134047046,0.0117242772265574,0.213214660644268,0.00789814525205354
"Random",6,60,0.0158408793797897,0.108353549750716,0.00197718533132347,0.12682314139724,0.0178180647111131,0.235176691147957,0.00968333201840571
"Random",7,60,0.0216842140247037,0.105671595741936,0.00417397935749853,0.0948976524804111,0.0258581933822022,0.200569248222347,0.0115488928827831
"Random",8,60,0.0250634202317309,0.107247110498881,0.00527219354810532,0.123643085041447,0.0303356137798362,0.230890195540328,0.0135431142649669
"Random",9,60,0.0341255656083435,0.112221260239792,0.00879659740045056,0.11240193850971,0.0429221630087941,0.224623198749502,0.015558995300536
"Random",10,60,0.0399743134989586,0.112304832354213,0.0104989203785495,0.0931192727508399,0.0504732338775081,0.205424105105052,0.0177478592788676
"Random",15,60,0.0821791546932646,0.115828047569944,0.0351468010988145,0.0930462858921839,0.117325955792079,0.208874333462127,0.02929005766195
"Random",20,60,0.120843347906938,0.119880327245273,0.0708287472012076,0.0956403278234257,0.191672095108146,0.215520655068699,0.0431522757516062
"Random",1,70,0,0.128031983514102,0,0.169844512422564,0,0.297876495936667,0.00165260154274089
"Random",2,70,0.00136647789700602,0.126552068247726,0.000218149116207737,0.169470994059532,0.00158462701321376,0.296023062307258,0.00347899986688607
"Random",3,70,0.00407547247330947,0.124771419573904,0.000398651250002192,0.158815088474558,0.00447412372331166,0.283586508048462,0.00540722006939243
"Random",4,70,0.0064948897532624,0.130448209755691,0.000826563915559246,0.16860840782996,0.00732145366882165,0.299056617585652,0.00746623335205462
"Random",5,70,0.01104011648426,0.128856436706013,0.00150372931219698,0.152068955445852,0.012543845796457,0.280925392151865,0.00960099487569157
"Random",6,70,0.0162912261817746,0.13189220909811,0.00307612212714313,0.160042783288963,0.0193673483089177,0.291934992387074,0.0117854359535495
"Random",7,70,0.0205668748770251,0.127571214797506,0.00382621510285893,0.155823961646974,0.024393089979884,0.28339517644448,0.0142357560436829
"Random",8,70,0.0277644966042715,0.135439972865084,0.00710856771260295,0.15720630571389,0.0348730643168744,0.292646278578974,0.0164341641888756
"Random",9,70,0.0333865107708588,0.134055074454924,0.00803558875443145,0.149797253073879,0.0414220995252902,0.283852327528803,0.0189421062810153
"Random",10,70,0.0421672561202639,0.13676765283642,0.0122635202809316,0.158662427553155,0.0544307764011954,0.295430080389575,0.0215437665350325
"Random",15,70,0.0862073024657395,0.14580263272611,0.040048424063389,0.132409063851727,0.126255726529128,0.278211696577837,0.0361143638999522
"Random",20,70,0.129598666286202,0.153662123429326,0.0689182447172323,0.135719833509201,0.198516911003435,0.289381956938527,0.0537792777149746
"Random",1,80,0,0.145841250254643,0,0.238583689876494,0,0.384424940131138,0.00193453713126231
"Random",2,80,0.00143118075554478,0.149193609482847,0.000153446257668986,0.210315240330894,0.00158462701321376,0.359508849813741,0.0040959385204637
"Random",3,80,0.00376713890255692,0.151600629516162,0.00027872382623096,0.228723095775434,0.00404586272878788,0.380323725291596,0.00638927336738499
"Random",4,80,0.00652046379576021,0.149368280186597,0.000874590043978526,0.209790038444278,0.00739505383973873,0.359158318630875,0.00882951262694397
"Random",5,80,0.0106457491240948,0.153079117566645,0.00147681236070662,0.249885583745931,0.0121225614848014,0.402964701312576,0.0113133737790428
"Random",6,80,0.0158341462881034,0.154647872736588,0.00284964043342196,0.216431844503976,0.0186837867215253,0.371079717240565,0.0140375276148418
"Random",7,80,0.021695335004592,0.161358858603122,0.00472743302201999,0.237648178735276,0.026422768026612,0.399007037338398,0.0168797959168454
"Random",8,80,0.0267948788943228,0.162885636264665,0.00580762014975958,0.220965100405015,0.0326024990440824,0.38385073666968,0.0196287007661942
"Random",9,80,0.0347477216210841,0.166993552092082,0.00868090256383314,0.242102106528445,0.0434286241849172,0.409095658620527,0.0225647264978894
"Random",10,80,0.0420996250542014,0.168025074800296,0.0120980841390899,0.224856012818477,0.0541977091932913,0.392881087618773,0.025923171504829
"Random",15,80,0.0851104179801926,0.174772568876239,0.0294635814211898,0.200294857868463,0.114573999401382,0.375067426744702,0.0436676317942659
"Random",20,80,0.131260521905781,0.186682257058377,0.0645853162281208,0.182194121318453,0.195845838133902,0.36887637837683,0.0662975098616609
"Random",1,90,0,0.174029660451753,0,0.309619181825738,0,0.48364884227749,0.00222100843546475
"Random",2,90,0.00139814855619949,0.178222417475707,0.000186478457014273,0.289851573208761,0.00158462701321376,0.468073990684468,0.00472988613894647
"Random",3,90,0.00400396981187899,0.178015813008398,0.000356303647045307,0.287393514737741,0.0043602734589243,0.465409327746139,0.00741563098465468
"Random",4,90,0.00695097794263741,0.17559430507722,0.000958050424005628,0.294411988752801,0.00790902836664304,0.470006293830021,0.0102607945072794
"Random",5,90,0.011579170825496,0.178137873685253,0.00223159457971603,0.317155489297365,0.013810765405212,0.495293362982618,0.0133593832376507
"Random",6,90,0.0152548409016411,0.180259607010212,0.00236818335654175,0.326434156746609,0.0176230242581829,0.506693763756821,0.0163605167386558
"Random",7,90,0.0211613791418787,0.179630101622722,0.00355156491411576,0.288909594776126,0.0247129440559945,0.468539696398848,0.0197241282670586
"Random",8,90,0.0266868070147452,0.184261522404304,0.00586049190114935,0.276832516101328,0.0325472989158946,0.461094038505632,0.0231486876379702
"Random",9,90,0.0335830388882859,0.188942357497863,0.00709247890326413,0.261795362399677,0.0406755177915501,0.450737719897539,0.0267999557455142
"Random",10,90,0.0387704686433817,0.188065287545878,0.00902555901701743,0.287625244983453,0.0477960276603991,0.475690532529331,0.0306212432354586
"Random",15,90,0.0858424977270921,0.201135890909307,0.0293329530710035,0.268100486215489,0.115175450798096,0.469236377124796,0.0516613059234381
"Random",20,90,0.146470031444561,0.219180486518582,0.0708701232709179,0.259935236426191,0.217340154715479,0.479115722944773,0.0785166657598572
"Random",1,100,0,0.199711681276498,0,0.40591679640081,0,0.605628477677309,0.00252687800583942
"Random",2,100,0.00143692450926933,0.198882987480159,0.000147702503944431,0.410643063111407,0.00158462701321376,0.609526050591566,0.00539077528076747
"Random",3,100,0.00405546837744805,0.203742643366638,0.00027168500456356,0.362759877518297,0.00432715338201161,0.566502520884934,0.00851106621170792
"Random",4,100,0.00687574787150627,0.200834578498626,0.000844986724540561,0.422771141271424,0.00772073459604683,0.623605719770051,0.0117747340029312
"Random",5,100,0.0101761386823571,0.203945960329133,0.00143927162471881,0.377996624563031,0.0116154103070759,0.581942584892164,0.0153593821266511
"Random",6,100,0.0165837238978111,0.202677983356375,0.0039713471692811,0.37556107266919,0.0205550710670922,0.578239056025565,0.018956236608103
"Random",7,100,0.0215806110752249,0.204006548946039,0.00409672522031757,0.36354547899236,0.0256773362955424,0.567552027938399,0.0227544699695793
"Random",8,100,0.0274435263092166,0.21029490212414,0.00584713433294051,0.351166646511947,0.0332906606421571,0.561461548636087,0.0270570463879435
"Random",9,100,0.0335567046488815,0.215836287034544,0.00726164347435451,0.340146125374113,0.040818348123236,0.555982412408657,0.0310732110101292
"Random",10,100,0.039356637489604,0.207206957356833,0.0105032616302617,0.348583497499301,0.0498598991198657,0.555790454856135,0.0355436801190277
"Random",15,100,0.0866478832531701,0.232574158144617,0.0287702181084177,0.3687561395523,0.115418101361588,0.601330297696918,0.0605343174128792
"Random",20,100,0.136106303905729,0.246829999482063,0.0616776720623225,0.31792403847881,0.197783975968052,0.564754037960872,0.0929000983667829
"Standard",1,1,0,0,0,0,0,0,1.71243915121478e-05
"Standard",2,1,0.00122931639619649,0,0.000355310617017272,0,0.00158462701321376,0,3.53293752163229e-05
"Standard",3,1,0.00168310967390472,0,0.000418328539467445,0,0.00210143821337216,0,5.57943256200312e-05
"Standard",4,1,0.00354363252545796,0,0.00111472162568053,0,0.00465835415113849,0,7.52216662155996e-05
"Standard",5,1,0.00484146825913213,0,0.00136662949087921,0,0.00620809775001134,0,9.59311937059893e-05
"Standard",6,1,0.00726840338426524,0,0.00263672295112488,0,0.00990512633539012,0,0.000115976319355553
"Standard",7,1,0.0092472931629276,0,0.00308472214160866,0,0.0123320153045363,0,0.000136918316728384
"Standard",8,1,0.0119657930385334,0,0.00474274909600471,0,0.0167085421345381,0,0.000157777822591695
"Standard",9,1,0.014839789901815,0,0.00573391120854058,0,0.0205737011103556,0,0.000178552935323858
"Standard",10,1,0.0175634261462327,0,0.00854968449461465,0,0.0261131106408473,0,0.000199866706842019
"Standard",15,1,0.0345042613792828,0,0.0201235488128053,0,0.0546278101920881,0,0.000308909461684032
"Standard",20,1,0.0549033801130523,0,0.0433946314916194,0,0.0982980116046717,0,0.00041873189114337
"Standard",1,2,0,0.000173600991531833,0,2.91854707469032e-05,0,0.000202786462278736,3.52770333208451e-05
"Standard",2,2,0.00128694228484919,0.000181475821705911,0.000297684728364569,2.13106405728253e-05,0.00158462701321376,0.000202786462278736,7.16787306738239e-05
"Standard",3,2,0.0017572108754412,0.000184086491480042,0.000344227337930961,1.86999707986947e-05,0.00210143821337216,0.000202786462278736,0.0001129375352442
"Standard",4,2,0.00367005383131093,0.000186057834802143,0.000988300319827554,1.67286274765929e-05,0.00465835415113849,0.000202786462278736,0.000151606335404895
"Standard",5,2,0.00500162059489503,0.000186769334072085,0.00120647715511631,1.60171282066514e-05,0.00620809775001134,0.000202786462278736,0.000193050120475406
"Standard",6,2,0.00747758367419646,0.000187829650103145,0.00242754266119366,1.49568121755911e-05,0.00990512633539012,0.000202786462278736,0.000232751173348757
"Standard",7,2,0.00950602350920428,0.000188597375353332,0.00282599179533199,1.4189086925404e-05,0.0123320153045363,0.000202786462278736,0.000274722387998473
"Standard",8,2,0.012259431820396,0.000189292772525184,0.00444911031414209,1.34936897535521e-05,0.0167085421345381,0.000202786462278736,0.000316138770865426
"Standard",9,2,0.0151817751245275,0.000189667093041967,0.00539192598582809,1.31193692367692e-05,0.0205737011103556,0.000202786462278736,0.000357556344216383
"Standard",10,2,0.0179514896856701,0.00018997669971519,0.00816162095517725,1.28097625635465e-05,0.0261131106408473,0.000202786462278736,0.000399985873443139
"Standard",15,2,0.0350302860072861,0.000190907919462998,0.0195975241848019,1.18785428157379e-05,0.0546278101920881,0.000202786462278736,0.000618121519041367
"Standard",20,2,0.055591406453712,0.000191904080638738,0.0427066051509597,1.08823816399986e-05,0.0982980116046717,0.000202786462278736,0.000837760758433429
"Standard",1,3,0,0.000234703327961852,0,3.58316313864442e-05,0,0.000270534959348297,5.56777858087937e-05
"Standard",2,3,0.00130528080798153,0.000245076415214279,0.000279346205232233,2.54585441340176e-05,0.00158462701321376,0.000270534959348297,0.000112824993205812
"Standard",3,3,0.00178308048588469,0.000248524122780348,0.000318357727487477,2.20108365679485e-05,0.00210143821337216,0.000270534959348297,0.000177853336891238
"Standard",4,3,0.00370092779860783,0.000250644323377106,0.000957426352530655,1.98906359711909e-05,0.00465835415113849,0.000270534959348297,0.000238917370777009
"Standard",5,3,0.00504704719414962,0.000252125442469706,0.00116105055586172,1.84095168785911e-05,0.00620809775001134,0.000270534959348297,0.000304396152547154
"Standard",6,3,0.00753894417321135,0.000253283561975416,0.00236618216217877,1.72513973728806e-05,0.00990512633539012,0.000270534959348297,0.000367249191828766
"Standard",7,3,0.00957010299828492,0.00025410985818915,0.00276191230625134,1.64251011591461e-05,0.0123320153045363,0.000270534959348297,0.000433795241942329
"Standard",8,3,0.0123337847458542,0.00025478447015891,0.00437475738868392,1.57504891893864e-05,0.0167085421345381,0.000270534959348297,0.000499218197597345
"Standard",9,3,0.0152610327576344,0.000255052625367064,0.00531266835272115,1.54823339812324e-05,0.0205737011103556,0.000270534959348297,0.000565070806719762
"Standard",10,3,0.0180615785473942,0.000255852349816931,0.00805153209345312,1.46826095313658e-05,0.0261131106408473,0.000270534959348297,0.000632335633648637
"Standard",15,3,0.0352241720834118,0.000257585389977606,0.0194036381086762,1.29495693706907e-05,0.0546278101920881,0.000270534959348297,0.000980381655058522
"Standard",20,3,0.0557857864148484,0.0002585330473654,0.0425122251898233,1.20019119828961e-05,0.0982980116046717,0.000270534959348297,0.00133185573602736
"Standard",1,4,0,0.000511983491223125,0,9.54161078504722e-05,0,0.000607399599073597,7.51519252382782e-05
"Standard",2,4,0.00131823746276093,0.00052968894534349,0.000266389550452834,7.77106537301076e-05,0.00158462701321376,0.000607399599073597,0.000151573457894644
"Standard",3,4,0.00180189907213059,0.000535761619823752,0.000299539141241571,7.16379792498449e-05,0.00210143821337216,0.000607399599073597,0.000238945399879968
"Standard",4,4,0.00373385948541266,0.000540216887995699,0.000924494665725827,6.71827110778979e-05,0.00465835415113849,0.000607399599073597,0.000320742804687064
"Standard",5,4,0.005078792118914,0.000541915528826868,0.00112930563109734,6.54840702467294e-05,0.00620809775001134,0.000607399599073597,0.000408778464415293
"Standard",6,4,0.00758967027161573,0.000544665219787387,0.0023154560637744,6.27343792862102e-05,0.00990512633539012,0.000607399599073597,0.000492635578270801
"Standard",7,4,0.00964118383070551,0.000545922042724782,0.00269083147383075,6.14775563488157e-05,0.0123320153045363,0.000607399599073597,0.000582164023407875
"Standard",8,4,0.012416751993065,0.000548142694166452,0.00429179014147313,5.92569049071457e-05,0.0167085421345381,0.000607399599073597,0.000669990531351236
"Standard",9,4,0.0153585400256682,0.000548910958989785,0.00521516108468738,5.84886400838118e-05,0.0205737011103556,0.000607399599073597,0.000758777705822275
"Standard",10,4,0.0181496806367123,0.00055017176787853,0.00796343000413501,5.72278311950671e-05,0.0261131106408473,0.000607399599073597,0.000849227202990382
"Standard",15,4,0.0353728736379097,0.000552980040371975,0.0192549365541784,5.44195587016227e-05,0.0546278101920881,0.000607399599073597,0.00131819720304067
"Standard",20,4,0.0559889794654935,0.000554855210141692,0.0423090321391782,5.25443889319049e-05,0.0982980116046717,0.000607399599073597,0.00179290334269996
"Standard",1,5,0,0.000692370744398909,0,0.000118754239764675,0,0.000811124984163584,9.57661665836102e-05
"Standard",2,5,0.00132607845506564,0.00071371767073756,0.000258548558148124,9.74073134260243e-05,0.00158462701321376,0.000811124984163584,0.000192812956837779
"Standard",3,5,0.00181186991074911,0.000722137511072571,0.000289568302623056,8.89874730910135e-05,0.00210143821337216,0.000811124984163584,0.000304352311584666
"Standard",4,5,0.00374853771627351,0.000728545896233848,0.000909816434864974,8.25790879297363e-05,0.00465835415113849,0.000811124984163584,0.000408310842024841
"Standard",5,5,0.00510337533810614,0.000731467179081861,0.0011047224119052,7.96578050817227e-05,0.00620809775001134,0.000811124984163584,0.000520408916900657
"Standard",6,5,0.00762658438423384,0.000736232296879557,0.00227854195115628,7.48926872840274e-05,0.00990512633539012,0.000811124984163584,0.000627189738872324
"Standard",7,5,0.00968854487505566,0.000737888966744346,0.00264347042948061,7.32360174192375e-05,0.0123320153045363,0.000811124984163584,0.000741858262230864
"Standard",8,5,0.0124671792283248,0.000739690101419765,0.00424136290621331,7.14348827438188e-05,0.0167085421345381,0.000811124984163584,0.000853846334303639
"Standard",9,5,0.0154032415464524,0.000740446936635691,0.00517045956390319,7.06780475278926e-05,0.0205737011103556,0.000811124984163584,0.000967056065492016
"Standard",10,5,0.0182160263054793,0.000742333585795782,0.00789708433536805,6.87913983678018e-05,0.0261131106408473,0.000811124984163584,0.00108305654742065
"Standard",15,5,0.0354644611032516,0.000746141319531876,0.0191633490888365,6.49836646317083e-05,0.0546278101920881,0.000811124984163584,0.00168388283998553
"Standard",20,5,0.0561979885883184,0.000752011490844918,0.0421000230163533,5.91134933186663e-05,0.0982980116046717,0.000811124984163584,0.00229243233265065
"Standard",1,10,0,0.00272906198239786,0,0.000678080250116413,0,0.00340714223251428,0.000198556140897072
"Standard",2,10,0.00134352253262537,0.00278371667980129,0.000241104480588387,0.00062342555271299,0.00158462701321376,0.00340714223251428,0.000397661861502034
"Standard",3,10,0.00183670412012496,0.00280575139706964,0.000264734093247204,0.000601390835444633,0.00210143821337216,0.00340714223251428,0.000629538199675138
"Standard",4,10,0.00378580145524467,0.00281835234072802,0.000872552695893822,0.000588789891786253,0.00465835415113849,0.00340714223251428,0.000844295439494343
"Standard",5,10,0.0051651654051928,0.00283089280587448,0.00104293234481854,0.000576249426639795,0.00620809775001134,0.00340714223251428,0.00107870188433053
"Standard",6,10,0.00770787045988908,0.00284447398032141,0.00219725587550104,0.000562668252192864,0.00990512633539012,0.00340714223251428,0.00130013780089295
"Standard",7,10,0.00976818068403333,0.0028434725185814,0.00256383462050293,0.000563669713932878,0.0123320153045363,0.00340714223251428,0.00153985716451025
"Standard",8,10,0.0126015371370256,0.00285563774779838,0.00410700499751253,0.000551504484715896,0.0167085421345381,0.00340714223251428,0.00177356555339964
"Standard",9,10,0.015593332467806,0.00286557202905994,0.00498036864254956,0.000541570203454333,0.0205737011103556,0.00340714223251428,0.00201287495661913
"Standard",10,10,0.0184588782832544,0.00287437132898457,0.00765423235759294,0.000532770903529706,0.0261131106408473,0.00340714223251428,0.00225549390013003
"Standard",15,10,0.0359774985496735,0.00290144504745929,0.0186503116424145,0.000505697185054987,0.0546278101920881,0.00340714223251428,0.00353351001790221
"Standard",20,10,0.056977880799921,0.00291910343089957,0.0413201308047507,0.000488038801614708,0.0982980116046717,0.00340714223251428,0.00484195857879667
"Standard",1,20,0,0.00942650994949301,0,0.00346792566692305,0,0.0128944356164161,0.000412800587365425
"Standard",2,20,0.00135873556933243,0.00955755385835091,0.000225891443881332,0.00333688175806515,0.00158462701321376,0.0128944356164161,0.000824769958089541
"Standard",3,20,0.00186153001490211,0.00962233090191894,0.000239908198470057,0.00327210471449712,0.00210143821337216,0.0128944356164161,0.00131175606560476
"Standard",4,20,0.00383297070455112,0.00966104004331721,0.000825383446587368,0.00323339557309885,0.00465835415113849,0.0128944356164161,0.00176258610509783
"Standard",5,20,0.00523831043541548,0.00970482856346949,0.000969787314595856,0.00318960705294657,0.00620809775001134,0.0128944356164161,0.0022583980199026
"Standard",6,20,0.00780569255818886,0.00975022912531055,0.00209943377720126,0.0031442064911055,0.00990512633539012,0.0128944356164161,0.00272937350999612
"Standard",7,20,0.00995203256086043,0.00977468198460031,0.00237998274367584,0.00311975363181574,0.0123320153045363,0.0128944356164161,0.00323888155123587
"Standard",8,20,0.0128175281165066,0.00980879839295355,0.00389101401803149,0.00308563722346251,0.0167085421345381,0.0128944356164161,0.00373986486011787
"Standard",9,20,0.0158374163342329,0.00983862672357944,0.00473628477612269,0.00305580889283661,0.0205737011103556,0.0128944356164161,0.00425169917169072
"Standard",10,20,0.0187900347104875,0.00987077119036674,0.00732307593035986,0.00302366442604932,0.0261131106408473,0.0128944356164161,0.00477480130810428
"Standard",15,20,0.0367057959782634,0.0100070841051453,0.0179220142138247,0.00288735151127078,0.0546278101920881,0.0128944356164161,0.0075745676269577
"Standard",20,20,0.058687330509999,0.0101559066457338,0.0396106810946727,0.00273852897068229,0.0982980116046717,0.0128944356164161,0.0104745414331781
"Standard",1,30,0,0.0190317267188817,0,0.00884457857287377,0,0.0278763052917555,0.000637188944234683
"Standard",2,30,0.001366542681632,0.0192472507177739,0.000218084331581766,0.00862905457398157,0.00158462701321376,0.0278763052917555,0.00127225890487626
"Standard",3,30,0.00187341675123205,0.01936486739704,0.000228021462140113,0.00851143789471547,0.00210143821337216,0.0278763052917555,0.00203288738765395
"Standard",4,30,0.00385109362876921,0.0194186127052298,0.000807260522369281,0.00845769258652567,0.00465835415113849,0.0278763052917555,0.00273690575645585
"Standard",5,30,0.00526705672322879,0.0194929037414216,0.000941041026782552,0.00838340155033387,0.00620809775001134,0.0278763052917555,0.00351760745225772
"Standard",6,30,0.0078657343679844,0.0195927223369222,0.00203939196740572,0.00828358295483324,0.00990512633539012,0.0278763052917555,0.00426257870566243
"Standard",7,30,0.0100278371334713,0.0196353959525363,0.00230417817106493,0.00824090933921914,0.0123320153045363,0.0278763052917555,0.00507027812484159
"Standard",8,30,0.012897341353203,0.0197113644294621,0.00381120078133511,0.00816494086229339,0.0167085421345381,0.0278763052917555,0.00587345740375578
"Standard",9,30,0.0159879196964363,0.0197409892074894,0.00458578141391925,0.00813531608426605,0.0205737011103556,0.0278763052917555,0.00668664852272369
"Standard",10,30,0.0190056702328598,0.0199002950893388,0.00710744040798756,0.00797601020241672,0.0261131106408473,0.0278763052917555,0.00752821728620179
"Standard",15,30,0.0372108255790618,0.020137982953866,0.0174169846130262,0.00773832233788943,0.0546278101920881,0.0278763052917555,0.0120570299085987
"Standard",20,30,0.0595762334737547,0.0204788650165532,0.038721778130917,0.00739744027520231,0.0982980116046717,0.0278763052917555,0.0168438630899585
"Standard",1,40,0,0.0304777373960617,0,0.016892274653362,0,0.0473700120494237,0.000870262136744408
"Standard",2,40,0.00137140183556967,0.0307764214398736,0.000213225177644088,0.0165935906095502,0.00158462701321376,0.0473700120494237,0.00174212192852765
"Standard",3,40,0.00188040982283108,0.0309034129514864,0.000221028390541086,0.0164665990979373,0.00210143821337216,0.0473700120494237,0.00279540153875582
"Standard",4,40,0.00386596780134726,0.0310022057095508,0.000792386349791231,0.0163678063398729,0.00465835415113849,0.0473700120494237,0.00377022794328013
"Standard",5,40,0.00530249593397977,0.0311441919284825,0.000905601816031568,0.0162258201209412,0.00620809775001134,0.0473700120494237,0.00485709591978559
"Standard",6,40,0.00790432731751198,0.0312277416323524,0.00200079901787814,0.0161422704170713,0.00990512633539012,0.0473700120494237,0.00589613828920514
"Standard",7,40,0.0100976497975823,0.0312933811554145,0.00223436550695398,0.0160766308940092,0.0123320153045363,0.0473700120494237,0.00702935894379016
"Standard",8,40,0.0129866587092714,0.0313884646820396,0.00372188342526671,0.0159815473673842,0.0167085421345381,0.0473700120494237,0.00815698843834189
"Standard",9,40,0.0161632445600794,0.0315475098315254,0.00441045655027621,0.0158225022178983,0.0205737011103556,0.0473700120494237,0.00931095174831532
"Standard",10,40,0.0191800163920344,0.0317515333486858,0.00693309424881297,0.015618478700738,0.0261131106408473,0.0473700120494237,0.0105051579875956
"Standard",15,40,0.0379615634300037,0.0323317377321827,0.0166662467620843,0.015038274317241,0.0546278101920881,0.0473700120494237,0.0170141490533374
"Standard",20,40,0.0605152573086346,0.0326159466208247,0.037782754296037,0.014754065428599,0.0982980116046717,0.0473700120494237,0.0239434008538523
"Standard",1,50,0,0.0443754553749053,0,0.0279156545802415,0,0.0722911099551468,0.00111161616519853
"Standard",2,50,0.00137348046124783,0.0447336894417908,0.000211146551965932,0.027557420513356,0.00158462701321376,0.0722911099551468,0.00222990803786637
"Standard",3,50,0.00188301801687239,0.0449363667403757,0.000218420196499772,0.0273547432147712,0.00210143821337216,0.0722911099551468,0.00359037863086478
"Standard",4,50,0.00387411680922924,0.0450555258375517,0.000784237341909252,0.0272355841175952,0.00465835415113849,0.0722911099551468,0.00485453158894527
"Standard",5,50,0.0053277392649011,0.045296992765631,0.00088035848511024,0.0269941171895159,0.00620809775001134,0.0722911099551468,0.0062677400930608
"Standard",6,50,0.0079381205265246,0.0454141697385489,0.00196700580886552,0.0268769402165979,0.00990512633539012,0.0722911099551468,0.00762311314066083
"Standard",7,50,0.010159632710547,0.0455236583018871,0.00217238259398924,0.0267674516532597,0.0123320153045363,0.0722911099551468,0.00911063553365664
"Standard",8,50,0.0130441892318468,0.0456469722321767,0.00366435290269131,0.0266441377229702,0.0167085421345381,0.0722911099551468,0.0105908396379989
"Standard",9,50,0.0162552935234703,0.045810228411562,0.00431840758688528,0.0264808815435848,0.0205737011103556,0.0722911099551468,0.0121017640347411
"Standard",10,50,0.0192727761113357,0.0461239908442771,0.00684033452951166,0.0261671191108697,0.0261131106408473,0.0722911099551468,0.0136902906477248
"Standard",15,50,0.0382926635980374,0.0469860478736274,0.0163351465940507,0.0253050620815194,0.0546278101920881,0.0722911099551468,0.0223901844836783
"Standard",20,50,0.0614945206454782,0.0476298249847007,0.0368034909591935,0.0246612849704462,0.0982980116046717,0.0722911099551468,0.0317847600236568
"Standard",1,60,0,0.0587810871157884,0,0.042681728636369,0,0.101462815752157,0.00136087703791508
"Standard",2,60,0.00137581911841592,0.0592233370927141,0.000208807894797841,0.0422394786594434,0.00158462701321376,0.101462815752157,0.00273751927253575
"Standard",3,60,0.00188650488137559,0.059447980969782,0.000214933331996573,0.0420148347823755,0.00210143821337216,0.101462815752157,0.00442338927108053
"Standard",4,60,0.00388171997293398,0.059618477293606,0.000776634178204506,0.0418443384585515,0.00465835415113849,0.101462815752157,0.00599508051272395
"Standard",5,60,0.0053440832510336,0.0598472748176813,0.000864014498977737,0.0416155409344762,0.00620809775001134,0.101462815752157,0.00775997536746721
"Standard",6,60,0.00796956083985344,0.0600990866513167,0.00193556549553668,0.0413637291008408,0.00990512633539012,0.101462815752157,0.00946093796754603
"Standard",7,60,0.010209300932821,0.060259965790095,0.00212271437171529,0.0412028499620625,0.0123320153045363,0.101462815752157,0.0113262480452864
"Standard",8,60,0.0131196720155837,0.060505000933147,0.00358887011895437,0.0409578148190105,0.0167085421345381,0.101462815752157,0.0131917841372853
"Standard",9,60,0.0163723223930049,0.060771294061281,0.00420137871735068,0.0406915216908765,0.0205737011103556,0.101462815752157,0.0150944052406953
"Standard",10,60,0.0193420190333287,0.0610112512954026,0.00677109160751868,0.0404515644567549,0.0261131106408473,0.101462815752157,0.0171046923696052
"Standard",15,60,0.0387142417306657,0.0624216801465507,0.0159135684614224,0.0390411356056068,0.0546278101920881,0.101462815752157,0.0282463266153797
"Standard",20,60,0.0623293901913525,0.0634877158553966,0.0359686214133192,0.0379750998967609,0.0982980116046717,0.101462815752157,0.0405451406326339
"Standard",1,70,0,0.0717455000823005,0,0.0637372015651377,0,0.135482701647438,0.00162079270984335
"Standard",2,70,0.00137755906047818,0.0723255139313986,0.000207067952735584,0.0631571877160396,0.00158462701321376,0.135482701647438,0.0032653732102874
"Standard",3,70,0.00188879892672927,0.0725197573992416,0.000212639286642889,0.0629629442481967,0.00210143821337216,0.135482701647438,0.0052966426757447
"Standard",4,70,0.00389154453962688,0.0728484905047259,0.00076680961151161,0.0626342111427124,0.00465835415113849,0.135482701647438,0.00719594691718047
"Standard",5,70,0.00535433610474096,0.0730406798430129,0.000853761645270378,0.0624420218044253,0.00620809775001134,0.135482701647438,0.00933911794442792
"Standard",6,70,0.00798130298454932,0.0732506398753919,0.0019238233508408,0.0622320617720464,0.00990512633539012,0.135482701647438,0.0114102083103773
"Standard",7,70,0.0102575660380249,0.0736394616109402,0.0020744492665114,0.061843240036498,0.0123320153045363,0.135482701647438,0.0136964696404168
"Standard",8,70,0.0131451710916135,0.0737760194126048,0.00356337104292462,0.0617066822348335,0.0167085421345381,0.135482701647438,0.0159881175384103
"Standard",9,70,0.0164427905210646,0.0740955522749839,0.004130910589291,0.0613871493724543,0.0205737011103556,0.135482701647438,0.0183548356272978
"Standard",10,70,0.0194493604781665,0.0744537213257037,0.00666375016268081,0.0610289803217346,0.0261131106408473,0.135482701647438,0.0208052482784876
"Standard",15,70,0.038814575306687,0.0758652637113948,0.015813234885401,0.0596174379360435,0.0546278101920881,0.135482701647438,0.034626153219426
"Standard",20,70,0.0629224728297325,0.0777355725685961,0.0353755387749392,0.0577471290788422,0.0982980116046717,0.135482701647438,0.0501688575578257
"Standard",1,80,0,0.0845800470954029,0,0.0926642720003466,0,0.177244319095749,0.00189807214961211
"Standard",2,80,0.00137840955192035,0.0852155058200123,0.000206217461293413,0.0920288132757372,0.00158462701321376,0.177244319095749,0.00384148332062591
"Standard",3,80,0.00189024906269125,0.0854090574500425,0.00021118915068091,0.0918352616457069,0.00210143821337216,0.177244319095749,0.00625636811651871
"Standard",4,80,0.00389966022523781,0.0857965165446004,0.000758693925900683,0.091447802551149,0.00465835415113849,0.177244319095749,0.0085295225586799
"Standard",5,80,0.00536888767272854,0.0861333140403574,0.000839210077282802,0.091111005055392,0.00620809775001134,0.177244319095749,0.011093727135355
"Standard",6,80,0.00799922826188114,0.0863860394221572,0.00190589807350898,0.0908582796735923,0.00990512633539012,0.177244319095749,0.0135812422052283
"Standard",7,80,0.0103173682727016,0.0868908508985107,0.00201464703183466,0.0903534681972387,0.0123320153045363,0.177244319095749,0.0163624482887113
"Standard",8,80,0.013205812904966,0.0871228667032677,0.00350272922957207,0.0901214523924817,0.0167085421345381,0.177244319095749,0.0191207476385828
"Standard",9,80,0.0165387298561509,0.0874890273353735,0.0040349712542047,0.0897552917603759,0.0205737011103556,0.177244319095749,0.0220047484894685
"Standard",10,80,0.0195397999778719,0.0880319474100753,0.00657331066297547,0.0892123716856742,0.0261131106408473,0.177244319095749,0.0250121123201226
"Standard",15,80,0.039067636246803,0.089978188137538,0.0155601739452851,0.0872661309582115,0.0546278101920881,0.177244319095749,0.0418563369116264
"Standard",20,80,0.0633766613977258,0.0919611845120135,0.0349213502069459,0.0852831345837359,0.0982980116046717,0.177244319095749,0.0612926182806439
"Standard",1,90,0,0.0956976038037624,0,0.128329691934866,0,0.224027295738628,0.00219196801616888
"Standard",2,90,0.00137993650380717,0.0964615933939891,0.000204690509406594,0.127565702344639,0.00158462701321376,0.224027295738628,0.00444792632899764
"Standard",3,90,0.0018923707511832,0.0968371228970879,0.000209067462188964,0.12719017284154,0.00210143821337216,0.224027295738628,0.00727529269896384
"Standard",4,90,0.00390443003524808,0.0972264911576206,0.000753924115890405,0.126800804581007,0.00465835415113849,0.224027295738628,0.00993245856088941
"Standard",5,90,0.00538353100131903,0.097734947464454,0.000824566748692306,0.126292348274174,0.00620809775001134,0.224027295738628,0.0129618195793159
"Standard",6,90,0.00803132093089245,0.0980880975563022,0.00187380540449767,0.125939198182326,0.00990512633539012,0.224027295738628,0.015902056897775
"Standard",7,90,0.0103411148642151,0.0987032014647706,0.00199090044032117,0.125324094273857,0.0123320153045363,0.224027295738628,0.0191814890588905
"Standard",8,90,0.0132230629842506,0.0989401902329501,0.0034854791502875,0.125087105505678,0.0167085421345381,0.224027295738628,0.022490362581382
"Standard",9,90,0.0166173858778005,0.099295525177528,0.00395631523255509,0.1247317705611,0.0205737011103556,0.224027295738628,0.0259264539325571
"Standard",10,90,0.0196597970301836,0.100412216469749,0.00645331361066369,0.123615079268879,0.0261131106408473,0.224027295738628,0.0295176774857861
"Standard",15,90,0.0393760974341509,0.102664816037028,0.0152517127579372,0.1213624797016,0.0546278101920881,0.224027295738628,0.0498562107052636
"Standard",20,90,0.063524101110305,0.103958662386843,0.0347739104943667,0.120068633351785,0.0982980116046717,0.224027295738628,0.0732973071902828
"Standard",1,100,0,0.107256811256422,0,0.167758166123377,0,0.2750149773798,0.00250598650186201
"Standard",2,100,0.00138006071195855,0.108095620211632,0.000204566301255216,0.166919357168168,0.00158462701321376,0.2750149773798,0.00510964387409779
"Standard",3,100,0.0018937856337841,0.108629216958802,0.00020765257958806,0.166385760420997,0.00210143821337216,0.2750149773798,0.00837799371678391
"Standard",4,100,0.00390585411591909,0.109064039830264,0.000752500035219399,0.165950937549536,0.00465835415113849,0.2750149773798,0.0114830482143866
"Standard",5,100,0.00538731833774831,0.109834036120319,0.00082077941226303,0.165180941259481,0.00620809775001134,0.2750149773798,0.0150258219959666
"Standard",6,100,0.00804093308520235,0.110253785399281,0.00186419325018777,0.164761191980519,0.00990512633539012,0.2750149773798,0.0184861055161403
"Standard",7,100,0.0103544717227655,0.110745501183588,0.00197754358177079,0.164269476196212,0.0123320153045363,0.2750149773798,0.0223289874276276
"Standard",8,100,0.0132493724081868,0.111206541206298,0.00345916972635126,0.163808436173501,0.0167085421345381,0.2750149773798,0.0262197884417597
"Standard",9,100,0.0166865704606612,0.111707965651539,0.00388713064969438,0.163307011728261,0.0205737011103556,0.2750149773798,0.0302912078786598
"Standard",10,100,0.0196928278079988,0.112782615067918,0.00642028283284851,0.162232362311882,0.0261131106408473,0.2750149773798,0.034600578646343
"Standard",15,100,0.0396361723528455,0.115834385472875,0.0149916378392426,0.159180591906924,0.0546278101920881,0.2750149773798,0.0590144706715952
"Standard",20,100,0.0636225188790274,0.116032079099958,0.0346754927256443,0.158982898279842,0.0982980116046717,0.2750149773798,0.0872225088097754
